source_worksheet_row,mp_source_row_number,mp_state,mp_name,mp_constituency,mp_allocated_limit,mp_name_key,allocation_amount_missing_flag,mp_visible_work_count,mp_visible_sanction_total,mp_median_sanction_amount,mp_median_sanction_delay_days,mp_delay_over45_share,mp_early_stage_over180_share,mp_completed_share,mp_high_cost_outlier_share,mp_duplicate_review_share,mp_average_review_priority_score,mp_max_review_priority_score,mp_latest_sanction_date,mp_distinct_work_type_count,mp_work_type_hhi,mp_review_priority_score,mp_review_priority_band,works_extract_presence_flag,observed_sanction_to_allocated_ratio,mp_calamity_consent_count,mp_calamity_consent_total,mp_latest_calamity_consent_date
3,1,Maharashtra,AASHTIKAR PATIL NAGESH BAPURAO,HINGOLI,190289442.0,aashtikarpatilnageshbapurao,False,0,,,,,,,,,,,,,,,,False,,0,0.0,
4,2,Jammu And Kashmir,ABDUL RASHID SHEIKH,BARAMULLAH,154773472.11,abdulrashidsheikh,False,0,,,,,,,,,,,,,,,,False,,0,0.0,
5,3,Bihar,ABHAY KUMAR SINHA,AURANGABAD_BR,147000000.0,abhaykumarsinha,False,109,47414422.0,473826.0,148.0,1.0,0.0,0.0,0.0,0.7155963302752294,21.55045871559633,41.0,2026-07-14,2.0,0.6010436831916506,27.39,Low,True,0.32254708843537416,0,0.0,
6,4,West Bengal,ABHIJIT GANGOPADHYAY,TAMLUK,147000000.0,abhijitgangopadhyay,False,16,6997450.0,340000.0,76.0,0.8125,0.3125,0.1875,0.0,0.0,10.1875,21.0,2025-05-23,6.0,0.421875,13.43,Routine,True,0.047601700680272106,0,0.0,
7,5,West Bengal,Abu Taher Khan,MURSHIDABAD,147000000.0,abutaherkhan,False,72,11478198.0,140538.0,125.0,1.0,0.013888888888888888,0.0,0.013888888888888888,0.0,6.694444444444445,56.0,2025-07-03,2.0,0.9726080246913582,21.49,Low,True,0.07808297959183673,0,0.0,
8,6,West Bengal,ADHIKARI SOUMENDU,KANTHI,147000000.0,adhikarisoumendu,False,6,9298896.0,1349724.0,185.0,1.0,0.3333333333333333,0.0,1.0,0.0,41.0,56.0,2025-09-18,2.0,0.5555555555555556,45.5,Medium,True,0.06325779591836735,0,0.0,
9,7,Uttar Pradesh,ADITYA YADAV,BADAUN,147000000.0,adityayadav,False,0,,,,,,,,,,,,,,,,False,,0,0.0,
10,8,Kerala,Adv Adoor Prakash,ATTINGAL,147000000.0,advadoorprakash,False,0,,,,,,,,,,,,,,,,False,,0,0.0,
11,9,Kerala,Adv Dean Kuriakose,IDUKKI,147000000.0,advdeankuriakose,False,85,28325564.0,215496.0,143.0,1.0,0.023529411764705882,0.0,0.011764705882352941,0.03529411764705882,7.847058823529411,31.0,2025-10-24,6.0,0.7439446366782007,14.79,Routine,True,0.19269091156462584,0,0.0,
12,10,Maharashtra,ADV GOWAAL KAGADA PADAVI,NANDURBAR(ST),147816309.11,advgowaalkagadapadavi,False,1,1199000.0,1199000.0,367.0,1.0,1.0,0.0,0.0,0.0,31.0,31.0,2025-08-21,1.0,1.0,31.0,Low,True,0.008111418876706926,0,0.0,
13,11,Kerala,ADV K FRANCIS GEORGE,KOTTAYAM,188722256.11,advkfrancisgeorge,False,0,,,,,,,,,,,,,,,,False,,0,0.0,
14,12,Uttar Pradesh,AFZAL ANSARI,GHAZIPUR,220500000.0,afzalansari,False,42,29386910.0,625000.0,161.0,1.0,0.30952380952380953,0.023809523809523808,0.38095238095238093,0.0,25.976190476190474,64.0,2026-08-22,4.0,0.2970521541950113,37.38,Low,True,0.13327396825396826,0,0.0,
15,13,Jammu And Kashmir,AGA SYED RUHULLAH MEHDI,SRINAGAR,147000000.0,agasyedruhullahmehdi,False,0,,,,,,,,,,,,,,,,False,,0,0.0,
16,14,Uttarakhand,Ajay Bhatt,NAINITAL UDHAM SINGH NAG.,147000000.0,ajaybhatt,False,0,,,,,,,,,,,,,,,,False,,0,0.0,
17,15,Bihar,Ajay Kumar Mandal,BHAGALPUR,147000000.0,ajaykumarmandal,False,0,,,,,,,,,,,,,,,,False,,0,0.0,
18,16,Uttarakhand,Ajay Tamta,ALMORA(SC),147000000.0,ajaytamta,False,0,,,,,,,,,,,,,,,,False,,0,0.0,
19,17,Uttar Pradesh,AJENDRA SINGH LODHI,HAMIRPUR_UP,147000000.0,ajendrasinghlodhi,False,73,44529000.0,700000.0,239.0,0.9726027397260274,0.7671232876712328,0.1643835616438356,0.0410958904109589,0.0958904109589041,28.602739726027398,43.0,2025-11-27,4.0,0.42690936385813466,32.92,Low,True,0.3029183673469388,0,0.0,
20,18,Uttar Pradesh,AKHILESH YADAV,KANNAUJ,147000000.0,akhileshyadav,False,0,,,,,,,,,,,,,,,,False,,0,0.0,
21,19,Uttar Pradesh,AKSHAYA YADAV,FIROZABAD,147000000.0,akshayayadav,False,20,48855158.0,1810939.5,55.0,1.0,0.0,0.05,0.3,0.0,13.5,31.0,2024-10-17,1.0,1.0,18.75,Routine,True,0.3323480136054422,0,0.0,
22,20,Manipur,ALFRED KANNGAM S ARTHUR,OUTER MANIPUR(ST),147000000.0,alfredkanngamsarthur,False,0,,,,,,,,,,,,,,,,False,,0,0.0,
23,21,Bihar,Alok Kumar Suman,GOPALGANJ (SC),147000000.0,alokkumarsuman,False,19,18942374.0,995000.0,285.0,0.9473684210526315,0.0,0.0,0.0,0.9473684210526315,38.73684210526316,49.0,2026-05-19,2.0,0.9002770083102491,41.82,Medium,True,0.12885968707482992,0,0.0,
24,22,Madhya Pradesh,ALOK SHARMA,BHOPAL,147000000.0,aloksharma,False,0,,,,,,,,,,,,,,,,False,,0,0.0,
25,23,Maharashtra,AMAR SHARADRAO KALE,WARDHA,147000000.0,amarsharadraokale,False,0,,,,,,,,,,,,,,,,False,,0,0.0,
26,24,Assam,AMARSING TISSO,Diphu (ST),147000000.0,amarsingtisso,False,35,39182540.0,500000.0,57.0,0.9142857142857143,0.0,0.02857142857142857,0.2857142857142857,0.0,13.142857142857142,49.0,2026-07-31,11.0,0.2212244897959184,23.9,Low,True,0.2665478911564626,0,0.0,
27,25,Andhra Pradesh,AMBICA G LAKSHMINARAYANA VALMIKI,ANANTAPUR,201899064.11,ambicaglakshminarayanavalmiki,False,0,,,,,,,,,,,,,,,,False,,0,0.0,
28,26,Maharashtra,Amol Ramsing Kolhe,SHIRUR,147000000.0,amolramsingkolhe,False,17,15880568.0,1000000.0,194.0,0.8823529411764706,0.058823529411764705,0.058823529411764705,0.058823529411764705,0.0,16.470588235294116,41.0,2026-05-18,4.0,0.43944636678200694,23.83,Low,True,0.10803107482993198,0,0.0,
29,27,Rajasthan,AMRARAM,SIKAR,165691544.11,amraram,False,5,2068420.0,384000.0,57.0,1.0,0.0,0.0,0.0,0.0,6.0,6.0,2025-01-21,4.0,0.28,6.0,Routine,True,0.01248355799392399,0,0.0,
30,28,Punjab,AMRINDER SINGH RAJA WARRING,LUDHIANA,147000000.0,amrindersinghrajawarring,False,0,,,,,,,,,,,,,,,,False,,0,0.0,
31,29,Uttar Pradesh,ANAND BHADAURIYA,DHAURAHRA,147000000.0,anandbhadauriya,False,1,1000000.0,1000000.0,129.0,1.0,0.0,0.0,0.0,0.0,6.0,6.0,2025-02-17,1.0,1.0,6.0,Routine,True,0.006802721088435374,0,0.0,
32,30,Uttar Pradesh,ANAND KUMAR,BAHRAICH(SC),147000000.0,anandkumar,False,0,,,,,,,,,,,,,,,,False,,0,0.0,
33,31,Odisha,ANANTA NAYAK,KEONJHAR(ST),147000000.0,anantanayak,False,0,,,,,,,,,,,,,,,,False,,0,0.0,
34,32,Tamil Nadu,Andimuthu Raja,NILGIRIS(SC),147000000.0,andimuthuraja,False,10,11594651.0,1300000.0,472.5,1.0,0.0,0.1,0.0,0.0,16.8,24.0,2026-07-15,4.0,0.3400000000000001,18.96,Routine,True,0.0788751768707483,1,2500000.0,2025-02-05
35,33,Meghalaya,ANDREW J. SYNGKON,SHILLONG,98000000.0,andrewjsyngkon,False,0,,,,,,,,,,,,,,,,False,,0,0.0,
36,34,Manipur,ANGOMCHA BIMOL AKOIJAM,INNER MANIPUR,147000000.0,angomchabimolakoijam,False,0,,,,,,,,,,,,,,,,False,,0,0.0,
37,35,Uttarakhand,ANIL BALUNI,GARHWAL,147000000.0,anilbaluni,False,0,,,,,,,,,,,,,,,,False,,0,0.0,
38,36,Maharashtra,ANIL YESHWANT DESAI,MUMBAI SOUTH CENTRAL,147000000.0,anilyeshwantdesai,False,0,,,,,,,,,,,,,,,,False,,0,0.0,
39,37,Madhya Pradesh,ANITA NAGARSINGH CHOUHAN,RATLAM(ST),147000000.0,anitanagarsinghchouhan,False,0,,,,,,,,,,,,,,,,False,,0,0.0,
40,38,Odisha,ANITA SUBHADARSHINI,ASKA,147000000.0,anitasubhadarshini,False,0,,,,,,,,,,,,,,,,False,,0,0.0,
41,39,Jharkhand,Annpurna Devi,KODARMA,166665931.8,annpurnadevi,False,0,,,,,,,,,,,,,,,,False,,0,0.0,
42,40,Uttar Pradesh,ANOOP PRADHAN BALMIKI,HATHRAS (SC),147000000.0,anooppradhanbalmiki,False,11,20657395.0,1846202.0,25.0,0.0,0.0,0.0,0.0,0.0,0.0,0.0,2024-11-11,1.0,1.0,0.0,Routine,True,0.14052649659863944,0,0.0,
43,41,Kerala,Anto Antony,PATHANAMTHITTA,147000000.0,antoantony,False,84,30501044.0,219831.0,175.5,1.0,0.25,0.0,0.03571428571428571,0.0,15.380952380952381,56.0,2026-07-09,13.0,0.43197278911564646,27.57,Low,True,0.20749009523809525,0,0.0,
44,42,Maharashtra,ANUP SANJAY DHOTRE,AKOLA,147000000.0,anupsanjaydhotre,False,3,1883603.0,483603.0,59.0,0.6666666666666666,0.0,0.0,0.0,0.0,7.333333333333333,16.0,2026-04-22,2.0,0.5555555555555556,9.93,Routine,True,0.012813625850340135,0,0.0,
45,43,Uttar Pradesh,Anurag Sharma,JHANSI,147000000.0,anuragsharma,False,2,722565.0,361282.5,64.0,1.0,0.0,0.0,0.5,0.0,18.5,31.0,2025-01-03,2.0,0.5,22.25,Low,True,0.004915408163265306,0,0.0,
46,44,Himachal Pradesh,Anurag Singh Thakur,HAMIRPUR_HP,149570117.11,anuragsinghthakur,False,0,,,,,,,,,,,,,,,,False,,0,0.0,
47,45,Andhra Pradesh,Appalanaidu Kalisetti,VIZIANAGARAM,147000000.0,appalanaidukalisetti,False,0,,,,,,,,,,,,,,,,False,,0,0.0,
48,46,Bihar,ARUN BHARTI,JAMUI(SC),194924621.11,arunbharti,False,0,,,,,,,,,,,,,,,,False,,0,0.0,
49,47,Uttar Pradesh,ARUN GOVIL,MEERUT,147000000.0,arungovil,False,8,6845719.0,847468.5,56.0,1.0,0.0,0.0,0.0,0.0,6.0,6.0,2024-11-19,1.0,1.0,6.0,Routine,True,0.04656951700680272,0,0.0,
50,48,Tamil Nadu,ARUN NEHRU,PERAMBALUR,147000000.0,arunnehru,False,13,13645000.0,785000.0,263.0,1.0,0.0,0.9230769230769231,0.07692307692307693,0.0,17.153846153846153,41.0,2025-12-10,2.0,0.8579881656804735,24.31,Low,True,0.09282312925170068,0,0.0,
51,49,Telangana,ARUNA. D. K,MAHABUBNAGAR,147000000.0,arunadk,False,0,,,,,,,,,,,,,,,,False,,0,0.0,
52,50,West Bengal,ARUP CHAKRABORTY,BANKURA,147000000.0,arupchakraborty,False,4,15633815.0,3300287.5,69.0,1.0,0.25,0.0,1.0,0.0,34.75,46.0,2024-12-10,1.0,1.0,38.12,Low,True,0.10635248299319727,0,0.0,
53,51,Telangana,Arvind Dharmapuri,NIZAMABAD,281396355.11,arvinddharmapuri,False,173,64871539.0,400000.0,13.0,0.30057803468208094,0.03468208092485549,0.27167630057803466,0.011560693641618497,0.09826589595375723,5.283236994219653,41.0,2026-08-17,15.0,0.297203381335828,16.0,Routine,True,0.23053439684618948,0,0.0,
54,52,Maharashtra,Arvind Ganpat Sawant,MUMBAI SOUTH,147000000.0,arvindganpatsawant,False,17,26374739.0,1496175.0,344.0,1.0,0.0,0.0,0.4117647058823529,0.0,26.764705882352942,49.0,2026-05-18,5.0,0.5224913494809691,33.44,Low,True,0.17941999319727892,0,0.0,
55,53,Telangana,Asaduddin Owaisi,HYDERABAD,147000000.0,asaduddinowaisi,False,0,,,,,,,,,,,,,,,,False,,0,0.0,
56,54,Madhya Pradesh,ASHISH DUBEY,JABALPUR,147000000.0,ashishdubey,False,0,,,,,,,,,,,,,,,,False,,0,0.0,
57,55,Uttar Pradesh,Ashok Kumar Rawat,MISRIKH(SC),147000000.0,ashokkumarrawat,False,0,,,,,,,,,,,,,,,,False,,0,0.0,
58,56,Bihar,Ashok Kumar Yadav,MADHUBANI,147000000.0,ashokkumaryadav,False,6,3408991.0,495000.0,415.0,1.0,0.0,0.6666666666666666,0.0,0.0,12.666666666666666,16.0,2025-12-25,2.0,0.7222222222222223,13.67,Routine,True,0.023190414965986395,0,0.0,
59,57,West Bengal,Asit Kumar Mal,BOLPUR(SC),275694456.74,asitkumarmal,False,90,68422973.0,497468.5,87.5,0.8777777777777778,0.07777777777777778,0.044444444444444446,0.13333333333333333,0.13333333333333333,13.555555555555555,64.0,2026-02-06,10.0,0.385679012345679,28.69,Low,True,0.24818407235705814,0,0.0,
60,58,Uttar Pradesh,ATUL GARG,GHAZIABAD,155336470.0,atulgarg,False,3,2179293.0,983073.0,57.0,0.6666666666666666,0.0,0.0,0.0,0.0,4.0,6.0,2025-02-10,2.0,0.5555555555555556,4.6,Routine,True,0.014029499962243251,0,0.0,
61,59,Odisha,AVIMANYU SETHI,BHADRAK(SC),147000000.0,avimanyusethi,False,0,,,,,,,,,,,,,,,,False,,0,0.0,
62,60,Uttar Pradesh,AWADHESH PRASAD,FAIZABAD,147000000.0,awadheshprasad,False,27,36640594.0,1351388.0,35.0,0.48148148148148145,0.0,0.0,0.0,0.0,2.888888888888889,6.0,2025-02-28,3.0,0.7969821673525377,3.82,Routine,True,0.24925574149659863,0,0.0,
63,61,West Bengal,AZAD KIRTI JHA,BARDHAMAN-DURGAPUR,179658399.98,azadkirtijha,False,22,27242215.0,524964.0,101.0,0.9545454545454546,0.5909090909090909,0.045454545454545456,0.18181818181818182,0.0,20.045454545454547,56.0,2026-01-20,12.0,0.09917355371900824,30.83,Low,True,0.1516334054128984,0,0.0,
64,62,Andhra Pradesh,B K PARTHASARATHI,HINDUPUR,160491894.11,bkparthasarathi,False,1,397179.0,397179.0,5.0,0.0,0.0,0.0,0.0,0.0,0.0,0.0,2024-11-20,1.0,1.0,0.0,Routine,True,0.0024747604992921093,0,0.0,
65,63,Uttar Pradesh,BABU SINGH KUSHWAHA,JAUNPUR,147000000.0,babusinghkushwaha,False,0,,,,,,,,,,,,,,,,False,,0,0.0,
66,64,Maharashtra,BACHHAV SHOBHA DINESH,DHULE,147000000.0,bachhavshobhadinesh,False,2,2000000.0,1000000.0,73.0,1.0,0.0,0.0,1.0,0.0,31.0,31.0,2024-12-02,1.0,1.0,31.0,Low,True,0.013605442176870748,0,0.0,
67,65,West Bengal,BAG MITALI,ARAMBAG(SC),147000000.0,bagmitali,False,27,13686953.0,377924.0,85.0,1.0,0.037037037037037035,0.0,0.07407407407407407,0.0,8.777777777777779,31.0,2025-06-11,5.0,0.6735253772290808,15.44,Routine,True,0.09310852380952381,0,0.0,
68,66,Odisha,BAIJAYANT PANDA,KENDRAPARA,147000000.0,baijayantpanda,False,0,,,,,,,,,,,,,,,,False,,0,0.0,
69,67,Maharashtra,BAJRANG MANOHAR SONWANE,BEED,165899107.19,bajrangmanoharsonwane,False,0,,,,,,,,,,,,,,,,False,,0,0.0,
70,68,Odisha,BALABHADRA MAJHI,NABARANGPUR(ST),147413962.11,balabhadramajhi,False,0,,,,,,,,,,,,,,,,False,,0,0.0,
71,69,Andhra Pradesh,Balashowry Vallabbhaneni,MACHILIPATNAM,147000000.0,balashowryvallabbhaneni,False,13,6383559.0,349394.0,42.0,0.46153846153846156,0.23076923076923078,0.07692307692307693,0.15384615384615385,0.23076923076923078,13.307692307692308,56.0,2026-02-06,6.0,0.33727810650887563,26.12,Low,True,0.04342557142857143,0,0.0,
72,70,Telangana,BALRAM NAIK PORIKA,MAHABUBABAD,147000000.0,balramnaikporika,False,10,3500000.0,350000.0,231.0,1.0,1.0,0.0,1.0,0.0,56.0,56.0,2025-07-04,1.0,1.0,56.0,Medium,True,0.023809523809523808,0,0.0,
73,71,Maharashtra,BALWANT BASWANT WANKHADE,AMRAVATI(SC),198293678.0,balwantbaswantwankhade,False,17,19841000.0,1200000.0,110.0,0.9411764705882353,0.23529411764705882,0.35294117647058826,0.11764705882352941,0.0,13.882352941176471,31.0,2025-05-15,5.0,0.27335640138408307,19.02,Routine,True,0.10005866147684245,0,0.0,
74,72,Maharashtra,BALYA MAMA SURESH GOPINATH MHATRE,BHIWANDI,147000000.0,balyamamasureshgopinathmhatre,False,0,,,,,,,,,,,,,,,,False,,0,0.0,
75,73,Delhi,Bansuri Swaraj,NEW DELHI,154306950.0,bansuriswaraj,False,2,763082.0,381541.0,88.5,1.0,0.0,0.0,0.0,0.0,6.0,6.0,2025-03-21,1.0,1.0,6.0,Routine,True,0.004945221197100973,0,0.0,
76,74,West Bengal,BAPI HALDAR,MATHURAPUR(SC),147000000.0,bapihaldar,False,84,28771908.0,299914.0,73.0,0.6428571428571429,0.20238095238095238,0.19047619047619047,0.011904761904761904,0.0,7.904761904761905,31.0,2025-06-24,8.0,0.39540816326530615,14.83,Routine,True,0.19572726530612244,0,0.0,
77,75,Karnataka,BASAVARAJ BOMMAI,HAVERI,147000000.0,basavarajbommai,False,0,,,,,,,,,,,,,,,,False,,0,0.0,
78,76,Andhra Pradesh,BASTIPATI NAGARAJU PANCHALINGALA,KURNOOL,159998515.11,bastipatinagarajupanchalingala,False,1,2998485.0,2998485.0,211.0,1.0,0.0,0.0,1.0,0.0,41.0,41.0,2025-04-28,1.0,1.0,41.0,Medium,True,0.018740705174285662,0,0.0,
79,77,Rajasthan,Bhagirath Chaudhary,AJMER,147000000.0,bhagirathchaudhary,False,12,12341370.0,499851.0,66.0,0.8333333333333334,0.08333333333333333,0.16666666666666666,0.08333333333333333,0.0,9.166666666666666,56.0,2025-08-22,5.0,0.4722222222222221,23.22,Low,True,0.08395489795918368,0,0.0,
80,78,Rajasthan,BHAJAN LAL JATAV,KARAULI-DHOLPUR(SC),147000000.0,bhajanlaljatav,False,0,,,,,,,,,,,,,,,,False,,0,0.0,
81,79,Madhya Pradesh,BHARAT SINGH KUSHWAH,GWALIOR,151455276.04,bharatsinghkushwah,False,0,,,,,,,,,,,,,,,,False,,0,0.0,
82,80,Gujarat,BHARATBHAI MANUBHAI SUTARIYA,AMRELI,147000000.0,bharatbhaimanubhaisutariya,False,52,17072770.0,300000.0,129.5,0.9807692307692307,0.21153846153846154,0.0,0.0,0.0,12.326923076923077,31.0,2026-01-31,9.0,0.6286982248520709,17.93,Routine,True,0.1161412925170068,0,0.0,
83,81,Gujarat,Bharatsinhji Shankarji Dabhi,PATAN,147000000.0,bharatsinhjishankarjidabhi,False,5,2300000.0,500000.0,321.0,1.0,0.0,0.0,0.0,0.8,36.0,41.0,2025-08-21,2.0,0.6800000000000002,37.5,Low,True,0.015646258503401362,0,0.0,
84,82,Madhya Pradesh,BHARTI PARDHI,BALAGHAT,154398389.01,bhartipardhi,False,0,,,,,,,,,,,,,,,,False,,0,0.0,
85,83,Maharashtra,BHASKAR MURLIDHAR BHAGARE,DINDORI(ST),147000000.0,bhaskarmurlidharbhagare,False,0,,,,,,,,,,,,,,,,False,,0,0.0,
86,84,Maharashtra,BHAUSAHEB RAJARAM WAKCHAURE,SHIRDI(SC),147000000.0,bhausahebrajaramwakchaure,False,0,,,,,,,,,,,,,,,,False,,0,0.0,
87,85,Chhattisgarh,BHOJRAJ NAG,KANKER(ST),164672734.11,bhojrajnag,False,0,,,,,,,,,,,,,,,,False,,0,0.0,
88,86,Uttar Pradesh,Bhola Singh,BULANDSHAHR(SC),147000000.0,bholasingh,False,0,,,,,,,,,,,,,,,,False,,0,0.0,
89,87,Maharashtra,BHUMARE SANDIPANRAO ASARAM,AURANGABAD_MH,147000000.0,bhumaresandipanraoasaram,False,0,,,,,,,,,,,,,,,,False,,0,0.0,
90,88,Andhra Pradesh,Bhupathiraju Srinivasa varma,NARASAPURAM,147000000.0,bhupathirajusrinivasavarma,False,0,,,,,,,,,,,,,,,,False,,0,0.0,
91,89,Rajasthan,BHUPENDER YADAV,ALWAR,147000000.0,bhupenderyadav,False,12,11973563.0,997180.0,57.0,1.0,0.08333333333333333,0.0,0.08333333333333333,0.0,9.333333333333334,31.0,2024-12-12,2.0,0.7222222222222223,15.83,Routine,True,0.08145280952380952,0,0.0,
92,90,Odisha,BIBHU PRASAD TARAI,JAGATSINGHPUR(SC),147000000.0,bibhuprasadtarai,False,0,,,,,,,,,,,,,,,,False,,0,0.0,
93,91,Jharkhand,Bidyut Baran Mahato,JAMSHEDPUR,147000000.0,bidyutbaranmahato,False,0,,,,,,,,,,,,,,,,False,,0,0.0,
94,92,Assam,BIJULI KALITA MEDHI,GUWAHATI,147000000.0,bijulikalitamedhi,False,40,28150000.0,500000.0,149.0,0.975,0.7,0.0,0.225,0.0,23.975,56.0,2026-01-30,11.0,0.17999999999999994,33.58,Low,True,0.19149659863945578,0,0.0,
95,93,Tripura,BIPLAB KUMAR DEB,TRIPURA WEST,147000000.0,biplabkumardeb,False,0,,,,,,,,,,,,,,,,False,,1,2500000.0,2024-09-03
96,94,Andaman And Nicobar Islands,BISHNU PADA RAY,ANDAMAN AND NICOBAR ISLANDS,147000000.0,bishnupadaray,False,0,,,,,,,,,,,,,,,,False,,0,0.0,
97,95,Rajasthan,BRIJENDRA SINGH OLA,JHUNJHUNU,147000000.0,brijendrasinghola,False,16,8500928.0,498914.0,77.5,1.0,0.125,0.1875,0.0,0.0,7.875,21.0,2025-01-02,4.0,0.5859375,11.81,Routine,True,0.05782944217687075,0,0.0,
98,96,Chhattisgarh,BRIJMOHAN AGRAWAL,RAIPUR,153766451.11,brijmohanagrawal,False,37,24351630.0,500000.0,63.0,0.8378378378378378,0.21621621621621623,0.0,0.08108108108108109,0.0,11.91891891891892,31.0,2026-02-03,9.0,0.1818845872899927,17.64,Routine,True,0.15836764017255986,0,0.0,
99,97,Madhya Pradesh,BUNTY VIVEK SAHU,CHHINDWARA,147000000.0,buntyviveksahu,False,5,850000.0,150000.0,31.0,0.4,0.0,0.0,0.0,0.0,2.4,6.0,2025-01-31,2.0,0.6800000000000002,3.48,Routine,True,0.005782312925170068,0,0.0,
100,98,Gujarat,C R Patil,NAVSARI,158532494.36,crpatil,False,1,500000.0,500000.0,44.0,0.0,0.0,0.0,0.0,0.0,0.0,0.0,2024-10-17,1.0,1.0,0.0,Routine,True,0.003153927540334955,0,0.0,
101,99,Andhra Pradesh,C.M.RAMESH,ANAKAPALLE,202531656.11,cmramesh,False,0,,,,,,,,,,,,,,,,False,,0,0.0,
102,100,Karnataka,CAPTAIN BRIJESH CHOWTA,DAKSHINA KANNADA,147000000.0,captainbrijeshchowta,False,0,,,,,,,,,,,,,,,,False,,0,0.0,
103,101,Goa,CAPTAIN VIRIATO FERNANDES,SOUTH GOA,147000000.0,captainviriatofernandes,False,0,,,,,,,,,,,,,,,,False,,0,0.0,
104,102,Telangana,CHAMALA KIRAN KUMAR REDDY,BHONGIR,147000000.0,chamalakirankumarreddy,False,227,24024480.0,99906.0,59.0,0.9162995594713657,0.004405286343612335,0.5947136563876652,0.06167400881057269,0.01762114537444934,7.819383259911894,31.0,2025-08-30,2.0,0.9912282404083137,14.77,Routine,True,0.16343183673469389,0,0.0,
105,103,Uttar Pradesh,CHANDAN CHAUHAN,BIJNOR,147000000.0,chandanchauhan,False,17,12578200.0,840900.0,191.0,1.0,0.0,0.47058823529411764,0.0,0.0,12.470588235294118,16.0,2026-01-31,3.0,0.7854671280276817,13.53,Routine,True,0.08556598639455783,0,0.0,
106,104,Rajasthan,Chandra Prakash Joshi,CHITTORGARH,147000000.0,chandraprakashjoshi,False,7,2146523.0,297628.0,52.0,0.5714285714285714,0.0,0.0,0.0,0.0,3.4285714285714284,6.0,2024-12-24,6.0,0.18367346938775508,4.2,Routine,True,0.014602197278911565,0,0.0,
107,105,Uttar Pradesh,CHANDRA SHEKHAR,NAGINA(SC),147000000.0,chandrashekhar,False,98,30242007.0,189869.0,31.0,0.0,0.0,0.0,0.0,0.0,0.0,0.0,2024-11-08,2.0,0.7551020408163265,0.0,Routine,True,0.2057279387755102,0,0.0,
108,106,Gujarat,CHANDUBHAI CHHAGANBHAI SHIHORA,SURENDRANAGAR,147000000.0,chandubhaichhaganbhaishihora,False,0,,,,,,,,,,,,,,,,False,,0,0.0,
109,107,Punjab,CHARANJIT SINGH CHANNI,JALANDHAR(SC),147000000.0,charanjitsinghchanni,False,0,,,,,,,,,,,,,,,,False,,0,0.0,
110,108,Maharashtra,CHAVAN VASANTRAO BALWANTRAO,NANDED,,chavanvasantraobalwantrao,True,0,,,,,,,,,,,,,,,,False,,0,0.0,
111,109,Uttar Pradesh,CHHATRA PAL SINGH GANGWAR,BAREILLY,147000000.0,chhatrapalsinghgangwar,False,30,24363364.0,854043.0,9.0,0.0,0.0,0.0,0.06666666666666667,0.8,18.2,50.0,2024-11-23,2.0,0.7222222222222223,27.74,Low,True,0.1657371700680272,0,0.0,
112,110,Maharashtra,CHHATRAPATI SHAHU SHAHAJI,KOLHAPUR,147000000.0,chhatrapatishahushahaji,False,0,,,,,,,,,,,,,,,,False,,0,0.0,
113,111,Uttar Pradesh,CHHOTELAL,ROBERTSGANJ(SC),147000000.0,chhotelal,False,132,43060751.0,260000.0,153.0,1.0,0.030303030303030304,0.007575757575757576,0.08333333333333333,0.0,12.931818181818182,46.0,2025-06-17,7.0,0.7502295684113865,22.85,Low,True,0.29293027891156465,0,0.0,
114,112,Chhattisgarh,CHINTAMANI MAHARAJ,SARGUJA(ST),147000000.0,chintamanimaharaj,False,10,9997500.0,999750.0,143.5,1.0,0.5,0.0,0.0,0.6,20.9,35.0,2025-03-26,1.0,1.0,25.13,Low,True,0.06801020408163265,0,0.0,
115,113,Bihar,CHIRAG PASWAN,HAJIPUR(SC),147000000.0,chiragpaswan,False,0,,,,,,,,,,,,,,,,False,,0,0.0,
116,114,Tamil Nadu,CN Annadurai,TIRUVANNAMALAI,148579509.11,cnannadurai,False,17,10784912.0,435000.0,196.0,1.0,0.0,0.35294117647058826,0.35294117647058826,0.0,23.058823529411764,41.0,2025-11-21,1.0,1.0,28.44,Low,True,0.07258680597750158,0,0.0,
117,115,Tamil Nadu,D M Kathir Anand,VELLORE,160196941.11,dmkathiranand,False,0,,,,,,,,,,,,,,,,False,,0,0.0,
118,116,Tamil Nadu,D Ravikumar,VILUPPURAM(SC),197598306.11,dravikumar,False,17,15639605.0,796920.0,61.0,0.5294117647058824,0.0,0.0,0.0,0.0,3.176470588235294,6.0,2025-03-03,4.0,0.41868512110726647,4.02,Routine,True,0.07914847706889586,0,0.0,
119,117,Andhra Pradesh,Daggubati Purandeshwari,RAJAHMUNDRY,147000000.0,daggubatipurandeshwari,False,0,,,,,,,,,,,,,,,,False,,0,0.0,
120,118,Andhra Pradesh,DAGGUMALLA PRASADA RAO,CHITTOOR,147000000.0,daggumallaprasadarao,False,88,46841989.0,500000.0,17.5,0.06818181818181818,0.022727272727272728,0.6363636363636364,0.056818181818181816,0.13636363636363635,3.0795454545454546,31.0,2024-11-11,14.0,0.2716942148760332,11.46,Routine,True,0.3186529863945578,0,0.0,
121,119,Rajasthan,DAMODAR AGARWAL,BHILWARA,147000000.0,damodaragarwal,False,4,1992229.0,499720.5,100.0,1.0,0.0,0.0,0.0,0.0,6.0,6.0,2025-01-27,2.0,0.5,6.0,Routine,True,0.013552578231292517,0,0.0,
122,120,Uttar Pradesh,DAROGA PRASAD SAROJ,LALGANJ (SC),147000000.0,darogaprasadsaroj,False,80,28257271.0,284857.0,109.0,1.0,0.1125,0.0125,0.0375,0.125,13.525,56.0,2026-01-28,5.0,0.4384375000000001,26.27,Low,True,0.19222633333333333,0,0.0,
123,121,Madhya Pradesh,DARSHAN SINGH CHOUDHARY,HOSHANGABAD,147000000.0,darshansinghchoudhary,False,29,2791484.0,95000.0,125.0,0.9655172413793104,0.3793103448275862,0.0,0.0,0.06896551724137931,16.862068965517242,46.0,2026-06-19,6.0,0.42925089179548154,25.6,Low,True,0.018989687074829932,0,0.0,
124,122,Haryana,DEEPENDER SINGH HOODA,ROHTAK,147000000.0,deependersinghhooda,False,30,23635592.0,525000.0,115.0,1.0,0.3,0.2,0.16666666666666666,0.16666666666666666,18.666666666666668,56.0,2026-06-19,10.0,0.3822222222222222,29.87,Low,True,0.16078634013605442,0,0.0,
125,123,Uttar Pradesh,Devendra Alias Bhole Singh,AKBARPUR,147000000.0,devendraaliasbholesingh,False,0,,,,,,,,,,,,,,,,False,,0,0.0,
126,124,Bihar,DEVESH CHANDRA THAKUR,SITAMARHI,163809205.11,deveshchandrathakur,False,0,,,,,,,,,,,,,,,,False,,0,0.0,
127,125,Uttar Pradesh,DEVESH SHAKYA,ETAH,147000000.0,deveshshakya,False,0,,,,,,,,,,,,,,,,False,,0,0.0,
128,126,Gujarat,Devusinh Jesingbhai Chauhan,KHEDA,147000000.0,devusinhjesingbhaichauhan,False,1,450000.0,450000.0,179.0,1.0,0.0,0.0,0.0,0.0,6.0,6.0,2025-03-29,1.0,1.0,6.0,Routine,True,0.003061224489795918,0,0.0,
129,127,Maharashtra,Dhairyasheel Sambhajirao Mane,HATKANANGLE,147000000.0,dhairyasheelsambhajiraomane,False,0,,,,,,,,,,,,,,,,False,,0,0.0,
130,128,Maharashtra,DHANORKAR PRATIBHA SURESH ALIAS BALUBHAU,CHANDRAPUR,147000000.0,dhanorkarpratibhasureshaliasbalubhau,False,0,,,,,,,,,,,,,,,,False,,0,0.0,
131,129,Odisha,DHARMENDRA PRADHAN,SAMBALPUR,147000000.0,dharmendrapradhan,False,0,,,,,,,,,,,,,,,,False,,0,0.0,
132,130,Uttar Pradesh,DHARMENDRA YADAV,AZAMGARH,147000000.0,dharmendrayadav,False,0,,,,,,,,,,,,,,,,False,,0,0.0,
133,131,Gujarat,DHAVAL LAXMANBHAI PATEL,VALSAD(ST),147000000.0,dhavallaxmanbhaipatel,False,0,,,,,,,,,,,,,,,,False,,0,0.0,
134,132,Bihar,Dileshwar Kamait,SUPAUL,150450930.89,dileshwarkamait,False,34,38902384.0,921000.0,180.0,1.0,0.0,0.0,0.029411764705882353,0.9117647058823529,23.91176470588235,31.0,2025-09-10,4.0,0.607266435986159,26.04,Low,True,0.258571906267851,0,0.0,
135,133,Assam,Dilip Saikia,Darrang-Udalguri,147000000.0,dilipsaikia,False,0,,,,,,,,,,,,,,,,False,,0,0.0,
136,134,Bihar,Dinesh Chandra Yadav,MADHEPURA,150070866.11,dineshchandrayadav,False,0,,,,,,,,,,,,,,,,False,,0,0.0,
137,135,Gujarat,DINESHBHAI MAKWANA,AHMEDABAD WEST(SC),160434965.11,dineshbhaimakwana,False,0,,,,,,,,,,,,,,,,False,,0,0.0,
138,136,Andhra Pradesh,DR BYREDDY SHABARI,NANDYAL,150675889.11,byreddyshabari,False,0,,,,,,,,,,,,,,,,False,,0,0.0,
139,137,Karnataka,DR C N MANJUNATH,BANGALORE RURAL,147000000.0,cnmanjunath,False,48,24797612.0,500000.0,144.5,1.0,0.10416666666666667,0.08333333333333333,0.0,0.0,11.895833333333334,31.0,2026-08-19,7.0,0.47048611111111105,17.63,Routine,True,0.1686912380952381,1,500000.0,2025-02-17
140,138,Andhra Pradesh,Dr Chandra Sekhar Pemmasani,GUNTUR,159774113.11,chandrasekharpemmasani,False,0,,,,,,,,,,,,,,,,False,,0,0.0,
141,139,Punjab,DR DHARAMVIRA GANDHI,PATIALA,147000000.0,dharamviragandhi,False,4,530000.0,150000.0,120.0,1.0,0.0,0.0,0.0,0.0,6.0,6.0,2025-01-17,1.0,1.0,6.0,Routine,True,0.0036054421768707485,0,0.0,
142,140,West Bengal,Dr Jayanta Kumar Roy,JALPAIGURI(SC),147000000.0,jayantakumarroy,False,0,,,,,,,,,,,,,,,,False,,0,0.0,
143,141,Maharashtra,DR KALGE SHIVAJI BANDAPPA,LATUR(SC),147000000.0,kalgeshivajibandappa,False,16,14597787.0,979296.5,494.5,1.0,0.0,0.0625,0.0,0.0,16.5,24.0,2026-08-14,4.0,0.421875,18.75,Routine,True,0.09930467346938776,0,0.0,
144,142,Bihar,Dr Mohammad Jawed,KISHANGANJ,148669229.11,mohammadjawed,False,42,26952000.0,635000.0,89.0,1.0,0.0,0.0,0.0,0.0,6.238095238095238,16.0,2025-04-19,1.0,1.0,9.17,Routine,True,0.18128835510445998,0,0.0,
145,143,Uttar Pradesh,DR RAJKUMAR SANGWAN,BAGHPAT,147000000.0,rajkumarsangwan,False,0,,,,,,,,,,,,,,,,False,,0,0.0,
146,144,Tamil Nadu,DR RANI SRI KUMAR,TENKASI(SC),153060922.82,ranisrikumar,False,7,16942527.0,2482079.0,73.0,1.0,0.0,0.0,0.7142857142857143,0.0,26.714285714285715,41.0,2025-05-10,2.0,0.510204081632653,31.0,Low,True,0.11069139456270267,0,0.0,
147,145,Kerala,Dr Shashi Tharoor,THIRUVANANTHAPURAM,147000000.0,shashitharoor,False,0,,,,,,,,,,,,,,,,False,,0,0.0,
148,146,West Bengal,Dr Sukanta Majumdar,BALURGHAT,157085364.9,sukantamajumdar,False,2,1902957.0,951478.5,38.0,0.5,0.5,0.0,0.0,0.0,10.5,21.0,2025-01-24,2.0,0.5,13.65,Routine,True,0.01211415844634168,0,0.0,
149,147,Gujarat,DR. HEMANG JOSHI,VADODARA,147000000.0,hemangjoshi,False,9,10206868.0,1166400.0,71.0,1.0,0.0,0.0,0.0,0.0,6.0,6.0,2024-12-13,2.0,0.8024691358024691,6.0,Routine,True,0.06943447619047619,0,0.0,
150,148,Maharashtra,DR. HEMANT VISHNU SAVARA,PALGHAR(ST),147000000.0,hemantvishnusavara,False,0,,,,,,,,,,,,,,,,False,,0,0.0,
151,149,Maharashtra,DR. KIRSAN NAMDEO,GADCHIROLI-CHIMUR(ST),147000000.0,kirsannamdeo,False,0,,,,,,,,,,,,,,,,False,,0,0.0,
152,150,Madhya Pradesh,DR. LATA WANKHEDE,SAGAR,147000000.0,latawankhede,False,19,15747630.0,500000.0,46.0,0.5263157894736842,0.21052631578947367,0.0,0.15789473684210525,0.0,11.842105263157896,31.0,2025-12-11,5.0,0.3905817174515235,17.59,Routine,True,0.10712673469387755,0,0.0,
153,151,Kerala,DR. M.P ABDUSSAMAD SAMADANI,PONNANI,170434031.11,mpabdussamadsamadani,False,0,,,,,,,,,,,,,,,,False,,0,0.0,
154,152,Gujarat,DR. MANSUKH MANDAVIYA,PORBANDAR,147000000.0,mansukhmandaviya,False,0,,,,,,,,,,,,,,,,False,,0,0.0,
155,153,Karnataka,DR. PRABHA MALLIKARJUN,DAVANAGERE,147000000.0,prabhamallikarjun,False,0,,,,,,,,,,,,,,,,False,,0,0.0,
156,154,Odisha,DR. PRADEEP KUMAR PANIGRAHY,BERHAMPUR,147000000.0,pradeepkumarpanigrahy,False,0,,,,,,,,,,,,,,,,False,,0,0.0,
157,155,Maharashtra,DR. PRASHANT YADAORAO PADOLE,BHANDARA-GONDIYA,159680283.39,prashantyadaoraopadole,False,0,,,,,,,,,,,,,,,,False,,0,0.0,
158,156,Punjab,DR. RAJ KUMAR CHABBEWAL,HOSHIARPUR(SC),147000000.0,rajkumarchabbewal,False,37,9298000.0,200000.0,5.0,0.10810810810810811,0.05405405405405406,0.0,0.02702702702702703,0.6486486486486487,9.91891891891892,40.0,2024-11-28,8.0,0.339663988312637,18.94,Routine,True,0.06325170068027211,0,0.0,
159,157,Madhya Pradesh,DR. RAJESH MISHRA,SIDHI,262724510.35,rajeshmishra,False,103,34498665.0,259942.0,97.0,0.9902912621359223,0.1650485436893204,0.038834951456310676,0.0,0.019417475728155338,9.097087378640778,31.0,2025-08-08,6.0,0.622396078801018,15.67,Routine,True,0.13131117821493354,0,0.0,
160,158,Uttar Pradesh,DR. S P SINGH,PRATAPGARH,147000000.0,spsingh,False,0,,,,,,,,,,,,,,,,False,,0,0.0,
161,159,West Bengal,DR. SHARMILA SARKAR,BARDHAMAN PURBA(SC),147000000.0,sharmilasarkar,False,37,31017592.0,599916.0,99.0,1.0,0.5135135135135135,0.08108108108108109,0.16216216216216217,0.0,18.027027027027028,46.0,2025-05-20,15.0,0.10591672753834919,26.42,Low,True,0.21100402721088435,0,0.0,
162,160,Karnataka,DR.K.SUDHAKAR,CHIKBALLAPUR,147000000.0,ksudhakar,False,0,,,,,,,,,,,,,,,,False,,0,0.0,
163,161,Telangana,DR.MALLU RAVI,NAGARKURNOOL(SC),147000000.0,malluravi,False,0,,,,,,,,,,,,,,,,False,,0,0.0,
164,162,Jharkhand,DULU MAHATO,DHANBAD,147000000.0,dulumahato,False,0,,,,,,,,,,,,,,,,False,,0,0.0,
165,163,Tamil Nadu,DURAI VAIKO,TIRUCHIRAPPALLI,147000000.0,duraivaiko,False,0,,,,,,,,,,,,,,,,False,,0,0.0,
166,164,Madhya Pradesh,Durga Das Uikey,BETUL(ST),151569502.91,durgadasuikey,False,138,32631426.0,259942.0,76.5,0.9927536231884058,0.0,0.0,0.007246376811594203,0.15942028985507245,8.601449275362318,31.0,2025-04-03,3.0,0.4972694812014283,15.32,Routine,True,0.21529018287653895,0,0.0,
167,165,Rajasthan,Dushyant Singh,JHALAWAR-BARAN,147000000.0,dushyantsingh,False,3,6100000.0,2500000.0,44.0,0.3333333333333333,0.0,0.0,0.6666666666666666,0.0,18.666666666666668,31.0,2025-01-07,2.0,0.5555555555555556,22.37,Low,True,0.04149659863945578,0,0.0,
168,166,Karnataka,E. TUKARAM,BELLARY(ST),147000000.0,etukaram,False,0,,,,,,,,,,,,,,,,False,,0,0.0,
169,167,Kerala,E.T. MOHAMMED BASHEER,MALAPPURAM,163895872.11,etmohammedbasheer,False,0,,,,,,,,,,,,,,,,False,,0,0.0,
170,168,Telangana,EATALA RAJENDER,MALKAJGIRI,327477390.86,eatalarajender,False,17,17100811.0,1000000.0,164.0,1.0,0.4117647058823529,0.11764705882352941,0.5882352941176471,0.0,29.823529411764707,56.0,2025-12-16,9.0,0.13494809688581316,37.68,Low,True,0.05221982181759465,0,0.0,
171,169,Tamil Nadu,ESWARASAMY K,POLLACHI,162315106.11,eswarasamyk,False,4,2800092.0,535233.5,441.0,1.0,0.0,0.25,0.0,0.0,13.5,16.0,2026-07-15,2.0,0.625,14.25,Routine,True,0.017250963678651043,0,0.0,
172,170,Madhya Pradesh,Faggan Singh Kulaste,MANDLA(ST),151861648.41,faggansinghkulaste,False,8,8000000.0,1000000.0,552.0,0.75,0.0,0.25,0.0,0.0,10.75,16.0,2026-07-16,2.0,0.78125,12.32,Routine,True,0.05267952826642178,0,0.0,
173,171,Karnataka,G. KUMAR NAIK,RAICHUR(ST),147000000.0,gkumarnaik,False,0,,,,,,,,,,,,,,,,False,,0,0.0,
174,172,Maharashtra,GAIKWAD VARSHA EKNATH,MUMBAI NORTH-CENTRAL,147000000.0,gaikwadvarshaeknath,False,0,,,,,,,,,,,,,,,,False,,0,0.0,
175,173,Madhya Pradesh,Gajendra Singh Patel,KHARGONE(ST),147000000.0,gajendrasinghpatel,False,117,42658011.0,200000.0,52.0,0.5128205128205128,0.26495726495726496,0.07692307692307693,0.042735042735042736,0.1794871794871795,12.709401709401709,56.0,2025-09-27,10.0,0.27985974139820297,25.7,Low,True,0.29019055102040814,0,0.0,
176,174,Rajasthan,Gajendra Singh Shekhawat,JODHPUR,147000000.0,gajendrasinghshekhawat,False,0,,,,,,,,,,,,,,,,False,,0,0.0,
177,175,Tamil Nadu,GANAPATHY RAJKUMAR P,COIMBATORE,147370490.11,ganapathyrajkumarp,False,0,,,,,,,,,,,,,,,,False,,0,0.0,
178,176,Tamil Nadu,Ganesan Selvam,KANCHEEPURAM(SC),186508749.11,ganesanselvam,False,45,32039247.0,400000.0,26.0,0.4444444444444444,0.0,0.022222222222222223,0.044444444444444446,0.26666666666666666,9.422222222222222,41.0,2026-02-06,8.0,0.34814814814814815,18.9,Routine,True,0.17178415035695585,0,0.0,
179,177,Madhya Pradesh,Ganesh Singh,SATNA,147000000.0,ganeshsingh,False,0,,,,,,,,,,,,,,,,False,,0,0.0,
180,178,Assam,GAURAV GOGOI,JORHAT,147000000.0,gauravgogoi,False,42,8349156.0,200000.0,210.0,1.0,0.8095238095238095,0.07142857142857142,0.0,0.0,25.047619047619047,31.0,2025-08-14,4.0,0.39115646258503406,26.83,Low,True,0.05679697959183674,0,0.0,
181,179,Gujarat,GENIBEN NAGAJI THAKOR,BANASKANTHA,147000000.0,genibennagajithakor,False,0,,,,,,,,,,,,,,,,False,,0,0.0,
182,180,Bihar,Giridhari Yadav,BANKA,147000000.0,giridhariyadav,False,16,20074735.0,918100.0,79.0,1.0,0.0,0.0,0.0,0.0,6.0,6.0,2024-12-06,2.0,0.5703125,6.0,Routine,True,0.1365628231292517,0,0.0,
183,181,Bihar,Giriraj Singh,BEGUSARAI,147000000.0,girirajsingh,False,0,,,,,,,,,,,,,,,,False,,0,0.0,
184,182,Andhra Pradesh,GM Harish Balayogi,AMALAPURAM(SC),147000000.0,gmharishbalayogi,False,1,3507771.0,3507771.0,84.0,1.0,0.0,0.0,1.0,0.0,31.0,31.0,2024-11-27,1.0,1.0,31.0,Low,True,0.023862387755102042,0,0.0,
185,183,Telangana,GODAM NAGESH,ADILABAD(ST),147000000.0,godamnagesh,False,0,,,,,,,,,,,,,,,,False,,0,0.0,
186,184,Tamil Nadu,GOPINATH K,KRISHNAGIRI,147000000.0,gopinathk,False,0,,,,,,,,,,,,,,,,False,,0,0.0,
187,185,Karnataka,GOVIND MAKTHAPPA KARJOL,CHITRADURGA(SC),147000000.0,govindmakthappakarjol,False,0,,,,,,,,,,,,,,,,False,,0,0.0,
188,186,Andhra Pradesh,Gumma Thanuja Rani,ARAKU(ST),149458905.11,gummathanujarani,False,8,11155200.0,1394400.0,69.0,1.0,0.625,0.25,1.0,1.0,52.375,58.0,2025-01-20,1.0,1.0,54.06,Medium,True,0.07463723885699486,0,0.0,
189,187,Punjab,GURMEET SINGH MEET HAYER,SANGRUR,147000000.0,gurmeetsinghmeethayer,False,19,3149434.0,147000.0,65.0,1.0,0.10526315789473684,0.0,0.0,0.0,7.578947368421052,21.0,2024-11-29,5.0,0.3296398891966758,11.61,Routine,True,0.021424721088435374,1,7500000.0,2025-11-03
190,188,Madhya Pradesh,Gyaneshwar Patil,KHANDWA,155690684.77,gyaneshwarpatil,False,87,24731533.0,190546.0,105.0,0.5517241379310345,0.3793103448275862,0.011494252873563218,0.011494252873563218,0.735632183908046,25.379310344827587,46.0,2026-05-20,11.0,0.1991015986259744,31.57,Low,True,0.15885043499253407,0,0.0,
191,189,Karnataka,H.D. KUMARASWAMY,MANDYA,147000000.0,hdkumaraswamy,False,0,,,,,,,,,,,,,,,,False,,0,0.0,
192,190,Uttar Pradesh,HARENDRA SINGH MALIK,MUZAFFARNAGAR,147000000.0,harendrasinghmalik,False,47,24673199.0,469000.0,82.0,1.0,0.2765957446808511,0.5106382978723404,0.0,0.0,11.0,31.0,2025-12-09,3.0,0.878678134902671,17.0,Routine,True,0.1678448911564626,0,0.0,
193,191,Gujarat,HARIBHAI PATEL,MAHESANA,147000000.0,haribhaipatel,False,0,,,,,,,,,,,,,,,,False,,0,0.0,
194,192,Rajasthan,HARISH CHANDRA MEENA,TONK-SAWAI MADHOPUR,147000000.0,harishchandrameena,False,0,,,,,,,,,,,,,,,,False,,0,0.0,
195,193,Delhi,Harsh Malhotra,EAST DELHI,147134131.0,harshmalhotra,False,7,6379265.0,761500.0,60.0,1.0,0.0,0.0,0.14285714285714285,0.0,9.571428571428571,31.0,2025-04-03,2.0,0.7551020408163265,16.0,Routine,True,0.043356799381919074,0,0.0,
196,194,Gujarat,Hasmukh Bhai Soma Bhai Patel,AHMEDABAD EAST,147000000.0,hasmukhbhaisomabhaipatel,False,3,2494505.0,999505.0,257.0,1.0,0.3333333333333333,0.0,0.0,0.0,23.666666666666668,31.0,2025-09-03,2.0,0.5555555555555556,25.87,Low,True,0.01696942176870748,0,0.0,
197,195,Uttar Pradesh,IMRAN MASOOD,SAHARANPUR,147000000.0,imranmasood,False,0,,,,,,,,,,,,,,,,False,,0,0.0,
198,196,Sikkim,Indra Hang Subba,SIKKIM,152003923.11,indrahangsubba,False,20,46078159.0,2465828.5,76.0,0.75,0.05,0.55,0.6,0.15,23.35,56.0,2025-03-25,7.0,0.25000000000000006,33.14,Low,True,0.3031379589239603,0,0.0,
199,197,Uttar Pradesh,IQRA CHOUDHARY,KAIRANA,147000000.0,iqrachoudhary,False,0,,,,,,,,,,,,,,,,False,,0,0.0,
200,198,West Bengal,ISHA KHAN CHOUDHURY,MALDAHA DAKSHIN,147000000.0,ishakhanchoudhury,False,0,,,,,,,,,,,,,,,,False,,0,0.0,
201,199,West Bengal,JAGADISH CHANDRA BARMA BASUNIA,COOCHBEHAR(SC),168604641.11,jagadishchandrabarmabasunia,False,40,37356488.0,586716.0,198.5,1.0,0.875,0.0,0.1,0.6,36.425,49.0,2026-09-01,4.0,0.7725,40.2,Medium,True,0.2215626316930867,0,0.0,
202,200,Karnataka,JAGADISH SHETTAR,BELGAUM,147000000.0,jagadishshettar,False,0,,,,,,,,,,,,,,,,False,,0,0.0,
203,201,West Bengal,Jagannath Sarkar,RANAGHAT(SC),147000000.0,jagannathsarkar,False,52,24667590.0,313373.0,84.0,0.7692307692307693,0.1346153846153846,0.0,0.07692307692307693,0.0,9.134615384615385,41.0,2025-08-22,3.0,0.5125739644970415,18.69,Routine,True,0.16780673469387755,0,0.0,
204,202,Uttar Pradesh,Jagdambika Pal,DOMARIYAGANJ,160643957.11,jagdambikapal,False,0,,,,,,,,,,,,,,,,False,,0,0.0,
205,203,Haryana,JAI PARKASH,HISAR,147000000.0,jaiparkash,False,10,5552729.0,499443.0,70.0,1.0,1.0,0.0,0.0,0.0,22.0,31.0,2025-05-26,5.0,0.28,24.7,Low,True,0.037773666666666664,0,0.0,
206,204,Uttar Pradesh,Jai Prakash,HARDOI (SC),147000000.0,jaiprakash,False,5,28685171.0,5580000.0,74.0,0.6,0.8,0.2,1.0,0.0,40.6,46.0,2025-03-06,1.0,1.0,42.22,Medium,True,0.19513721768707484,0,0.0,
207,205,Madhya Pradesh,Janardan Mishra,REWA,147000000.0,janardanmishra,False,23,31557367.0,1046786.0,75.0,1.0,0.9130434782608695,0.043478260869565216,0.8695652173913043,1.0,53.08695652173913,58.0,2025-03-28,3.0,0.3534971644612477,54.56,Medium,True,0.21467596598639455,0,0.0,
208,206,Gujarat,JASHUBHAI BHILUBHAI RATHVA,CHHOTA UDAIPUR(ST),147000000.0,jashubhaibhilubhairathva,False,0,,,,,,,,,,,,,,,,False,,0,0.0,
209,207,Gujarat,Jaswantsinh Sumanbhai Bhabhor,DAHOD(ST),147000000.0,jaswantsinhsumanbhaibhabhor,False,120,39435188.0,250000.0,253.0,1.0,0.5583333333333333,0.0,0.025,0.016666666666666666,22.233333333333334,56.0,2026-06-30,12.0,0.3673611111111111,32.36,Low,True,0.2682665850340136,0,0.0,
210,208,Bihar,JITAN RAM MANJHI,GAYA (SC),147000000.0,jitanrammanjhi,False,0,,,,,,,,,,,,,,,,False,,0,0.0,
211,209,Uttar Pradesh,JITENDRA KUMAR DOHARE,ETAWAH(SC),188747306.26,jitendrakumardohare,False,156,42030132.0,269328.0,205.0,1.0,0.5576923076923077,0.0,0.0,0.0,19.942307692307693,31.0,2025-10-27,1.0,1.0,23.26,Low,True,0.22267937398853982,0,0.0,
212,210,Jammu And Kashmir,Jitendra Singh,UDHAMPUR,147000000.0,jitendrasingh,False,62,11963246.0,178135.5,78.0,1.0,0.03225806451612903,0.03225806451612903,0.0,0.03225806451612903,7.258064516129032,21.0,2025-07-09,6.0,0.32049947970863685,11.38,Routine,True,0.08138262585034013,0,0.0,
213,211,Uttar Pradesh,JITIN PRASADA,PILIBHIT,147000000.0,jitinprasada,False,0,,,,,,,,,,,,,,,,False,,0,0.0,
214,212,Jharkhand,JOBA MAJHI,SINGHBHUM(ST),147000000.0,jobamajhi,False,0,,,,,,,,,,,,,,,,False,,0,0.0,
215,213,Assam,JOYANTA BASUMATARY,KOKRAJHAR (ST),147000000.0,joyantabasumatary,False,0,,,,,,,,,,,,,,,,False,,0,0.0,
216,214,West Bengal,JUNE MALIAH,MEDINIPUR,147000000.0,junemaliah,False,0,,,,,,,,,,,,,,,,False,,0,0.0,
217,215,Madhya Pradesh,JYOTIRADITYA M. SCINDIA,GUNA,147000000.0,jyotiradityamscindia,False,19,13455273.0,585000.0,1.0,0.47368421052631576,0.15789473684210525,0.0,0.5263157894736842,0.8947368421052632,28.263157894736842,37.0,2025-02-25,4.0,0.35734072022160657,30.88,Low,True,0.0915324693877551,0,0.0,
218,216,Chhattisgarh,Jyotsna Charandas Mahant,KORBA,155153738.11,jyotsnacharandasmahant,False,91,31664222.0,300000.0,34.0,0.21978021978021978,0.15384615384615385,0.02197802197802198,0.0,0.02197802197802198,4.263736263736264,31.0,2025-05-28,13.0,0.23535804854486173,12.28,Routine,True,0.20408288182880183,0,0.0,
219,217,Tamil Nadu,K E PRAKASH,ERODE,147000000.0,keprakash,False,24,17931203.0,600000.0,58.0,0.7083333333333334,0.0,0.0,0.08333333333333333,0.0,6.75,31.0,2025-11-27,8.0,0.37152777777777785,14.02,Routine,True,0.12198097278911564,0,0.0,
220,218,Kerala,K RADHAKRISHNAN,ALATHUR(SC),147000000.0,kradhakrishnan,False,1,2871509.0,2871509.0,116.0,1.0,0.0,0.0,1.0,0.0,31.0,31.0,2025-01-15,1.0,1.0,31.0,Low,True,0.019534074829931972,1,2500000.0,2024-12-04
221,219,Tamil Nadu,K Subbarayan,TIRUPPUR,147000000.0,ksubbarayan,False,30,39914923.0,999386.5,303.0,1.0,0.0,0.1,0.2,0.0,20.6,49.0,2026-06-23,9.0,0.19111111111111112,29.12,Low,True,0.27153008843537413,0,0.0,
222,220,Kerala,K. C VENUGOPAL,ALAPPUZHA,147000000.0,kcvenugopal,False,15,20303972.0,1500000.0,395.0,1.0,0.26666666666666666,0.06666666666666667,0.26666666666666666,0.0,27.2,56.0,2026-02-27,8.0,0.18222222222222223,35.84,Low,True,0.13812225850340137,0,0.0,
223,221,Karnataka,K. RAJASHEKAR BASAVARAJ HITNAL,KOPPAL,147000000.0,krajashekarbasavarajhitnal,False,0,,,,,,,,,,,,,,,,False,,0,0.0,
224,222,Telangana,KADIYAM KAVYA,WARANGEL(SC),147000000.0,kadiyamkavya,False,1,500000.0,500000.0,30.0,0.0,0.0,0.0,1.0,0.0,25.0,25.0,2024-12-16,1.0,1.0,25.0,Low,True,0.003401360544217687,0,0.0,
225,223,West Bengal,Kakoli Ghosh Dastidar,BARASAT,147000000.0,kakolighoshdastidar,False,57,33918015.0,112000.0,341.0,1.0,0.017543859649122806,0.08771929824561403,0.05263157894736842,0.7543859649122807,31.789473684210527,41.0,2025-11-25,7.0,0.5155432440750999,34.55,Low,True,0.23073479591836735,0,0.0,
226,224,The Dadra And Nagar Haveli And Daman And Diu,Kalaben Mohanbhai Delkar,DADRA & NAGAR HAVELI (ST),269500000.0,kalabenmohanbhaidelkar,False,0,,,,,,,,,,,,,,,,False,,0,0.0,
227,225,Tamil Nadu,Kalanidhi Veeraswamy,CHENNAI NORTH,171500000.0,kalanidhiveeraswamy,False,1,10000000.0,10000000.0,61.0,1.0,1.0,0.0,1.0,0.0,46.0,46.0,2025-01-13,1.0,1.0,46.0,Medium,True,0.05830903790087463,0,0.0,
228,226,Jharkhand,KALI CHARAN MUNDA,KHUNTI(ST),147000000.0,kalicharanmunda,False,78,48308000.0,538500.0,34.0,0.07692307692307693,0.5641025641025641,0.23076923076923078,0.038461538461538464,0.0,9.884615384615385,40.0,2025-03-27,11.0,0.6768573307034844,18.92,Routine,True,0.328625850340136,0,0.0,
229,227,Jharkhand,KALI CHARAN SINGH,CHATRA,147000000.0,kalicharansingh,False,0,,,,,,,,,,,,,,,,False,,0,0.0,
230,228,West Bengal,KALIPADA SAREN,JHARGRAM(ST),147000000.0,kalipadasaren,False,7,19289969.0,2911701.0,149.0,1.0,0.0,0.0,0.2857142857142857,0.0,16.0,41.0,2025-06-17,2.0,0.510204081632653,23.5,Low,True,0.13122427891156463,0,0.0,
231,229,West Bengal,Kalyan Banerjee,SREERAMPUR,147000000.0,kalyanbanerjee,False,33,25093233.0,589208.0,55.0,0.6363636363636364,0.06060606060606061,0.18181818181818182,0.06060606060606061,0.0,6.545454545454546,31.0,2025-05-22,8.0,0.3535353535353535,13.88,Routine,True,0.17070226530612245,0,0.0,
232,230,Maharashtra,KALYAN VAIJINATHRAO KALE,JALNA,147000000.0,kalyanvaijinathraokale,False,0,,,,,,,,,,,,,,,,False,,0,0.0,
233,231,Assam,KAMAKHYA PRASAD TASA,Kaziranga,147000000.0,kamakhyaprasadtasa,False,0,,,,,,,,,,,,,,,,False,,0,0.0,
234,232,Delhi,Kamaljeet Sehrawat,WEST DELHI,147000000.0,kamaljeetsehrawat,False,0,,,,,,,,,,,,,,,,False,,0,0.0,
235,233,Chhattisgarh,KAMLESH JANGDE,JANJGIR CHAMPA(SC),150384382.11,kamleshjangde,False,61,48468461.0,800000.0,26.0,0.14754098360655737,0.01639344262295082,0.0,0.01639344262295082,0.04918032786885246,2.2950819672131146,31.0,2026-02-05,7.0,0.6302069336199947,10.91,Routine,True,0.3222971715543394,0,0.0,
236,234,Uttar Pradesh,Kamlesh Paswan,BANSGAON(SC),147000000.0,kamleshpaswan,False,0,,,,,,,,,,,,,,,,False,,0,0.0,
237,235,Himachal Pradesh,Kangana Ranaut,MANDI,147000000.0,kanganaranaut,False,26,13904455.0,431870.0,52.5,0.5769230769230769,0.34615384615384615,0.0,0.11538461538461539,0.07692307692307693,15.846153846153847,46.0,2026-07-21,15.0,0.07988165680473369,24.89,Low,True,0.09458812925170068,0,0.0,
238,236,Tamil Nadu,Kani K Navas,RAMANATHAPURAM,147000000.0,kaniknavas,False,0,,,,,,,,,,,,,,,,False,,0,0.0,
239,237,Tamil Nadu,Kanimozhi Karunanidhi,THOOTHUKKUDI,147000000.0,kanimozhikarunanidhi,False,11,28738597.0,1999892.0,331.0,1.0,0.0,0.0,0.45454545454545453,0.0,24.454545454545453,49.0,2026-05-21,5.0,0.28925619834710736,31.82,Low,True,0.19550065986394558,0,0.0,
240,238,Uttar Pradesh,KANWAR SINGH TANWAR,AMROHA,147000000.0,kanwarsinghtanwar,False,16,16911131.0,1059236.0,57.0,0.6875,0.0,0.0,0.0,0.0,4.125,6.0,2024-12-12,1.0,1.0,4.69,Routine,True,0.1150417074829932,0,0.0,
241,239,Uttar Pradesh,KARAN BHUSHAN SINGH,KAISERGANJ,147000000.0,karanbhushansingh,False,27,39884294.0,1359000.0,61.0,1.0,0.1111111111111111,0.037037037037037035,0.0,0.0,7.666666666666667,21.0,2025-02-10,2.0,0.9286694101508914,11.67,Routine,True,0.27132172789115644,0,0.0,
242,240,West Bengal,KARTICK CHANDRA PAUL,RAIGANJ,202677986.56,kartickchandrapaul,False,0,,,,,,,,,,,,,,,,False,,0,0.0,
243,241,Bihar,Kaushalendra Kumar,NALANDA,147000000.0,kaushalendrakumar,False,0,,,,,,,,,,,,,,,,False,,0,0.0,
244,242,West Bengal,Khagen Murmu,MALDAHA UTTAR,147000000.0,khagenmurmu,False,0,,,,,,,,,,,,,,,,False,,0,0.0,
245,243,West Bengal,Khalilur Rahaman,JANGIPUR,147000000.0,khalilurrahaman,False,0,,,,,,,,,,,,,,,,False,,0,0.0,
246,244,Andhra Pradesh,Kinjarapu Ram Mohan Naidu,SRIKAKULAM,171200630.11,kinjarapurammohannaidu,False,0,,,,,,,,,,,,,,,,False,,0,0.0,
247,245,Arunachal Pradesh,Kiren Rijiju,ARUNACHAL WEST,147000000.0,kirenrijiju,False,0,,,,,,,,,,,,,,,,False,,0,0.0,
248,246,Uttar Pradesh,Kirti Vardhan Singh,GONDA,147000000.0,kirtivardhansingh,False,33,28870477.0,931726.0,22.0,0.3939393939393939,0.0,0.0,0.0,0.0,2.3636363636363638,6.0,2025-01-10,1.0,1.0,3.45,Routine,True,0.19639780272108845,0,0.0,
249,247,Telangana,Kishan Reddy Gangapuram,SECUNDERABAD,147000000.0,kishanreddygangapuram,False,0,,,,,,,,,,,,,,,,False,,0,0.0,
250,248,Uttar Pradesh,KISHORI LAL,AMETHI,171500000.0,kishorilal,False,0,,,,,,,,,,,,,,,,False,,0,0.0,
251,249,Telangana,KONDA VISHWESHWAR REDDY,CHELVELLA,233721420.96,kondavishweshwarreddy,False,9,4598104.0,500000.0,223.0,1.0,0.4444444444444444,0.2222222222222222,0.1111111111111111,0.0,24.333333333333332,56.0,2025-06-09,3.0,0.5061728395061729,33.83,Low,True,0.019673438494056294,0,0.0,
252,250,Karnataka,KOTA SRINIVAS POOJARY,UDUPI CHIKMAGALUR,147000000.0,kotasrinivaspoojary,False,27,12793048.0,500000.0,250.0,1.0,0.14814814814814814,0.1111111111111111,0.037037037037037035,0.0,18.40740740740741,41.0,2026-08-29,3.0,0.8600823045267489,25.19,Low,True,0.08702753741496598,0,0.0,
253,251,Assam,Kripanath Mallah,KARIMGANJ (SC),147000000.0,kripanathmallah,False,0,,,,,,,,,,,,,,,,False,,0,0.0,
254,252,Haryana,Krishan Pal Gurjar,FARIDABAD,147000000.0,krishanpalgurjar,False,0,,,,,,,,,,,,,,,,False,,0,0.0,
255,253,Uttar Pradesh,KRISHNA DEVI SHIVSHANKER PATEL,BANDA,147000000.0,krishnadevishivshankerpatel,False,92,24187423.12,232197.98,89.0,1.0,0.03260869565217391,0.0,0.0,0.0,6.489130434782608,21.0,2025-02-05,2.0,0.9168241965973536,10.84,Routine,True,0.16454029333333334,0,0.0,
256,254,Andhra Pradesh,Krishna Prasad Tenneti,BAPATLA,167796849.11,krishnaprasadtenneti,False,0,,,,,,,,,,,,,,,,False,,1,1000000.0,2025-03-26
257,255,Tripura,KRITI DEVI DEBBARMAN,TRIPURA EAST(ST),147000000.0,kritidevidebbarman,False,0,,,,,,,,,,,,,,,,False,,0,0.0,
258,256,Rajasthan,KULDEEP INDORA,GANGANAGAR(SC),147000000.0,kuldeepindora,False,0,,,,,,,,,,,,,,,,False,,0,0.0,
259,257,Telangana,KUNDURU RAGHUVEER,NALGONDA,162952022.0,kundururaghuveer,False,0,,,,,,,,,,,,,,,,False,,0,0.0,
260,258,Uttar Pradesh,LALJI VERMA,AMBEDKAR NAGAR,147000000.0,laljiverma,False,41,32618406.0,846299.0,45.0,0.36585365853658536,0.04878048780487805,0.0,0.0,0.0,3.1707317073170733,21.0,2025-04-21,4.0,0.817965496728138,8.52,Routine,True,0.22189391836734693,0,0.0,
261,259,Andhra Pradesh,Lavu Sri Krishna Devarayalu,NARASARAOPET,174009663.11,lavusrikrishnadevarayalu,False,1,416758.0,416758.0,80.0,1.0,1.0,0.0,0.0,0.0,21.0,21.0,2024-12-16,1.0,1.0,21.0,Low,True,0.00239502791138988,0,0.0,
262,260,Uttar Pradesh,LAXMIKANT PAPPU NISHAD,SANT KABIR NAGAR,147000000.0,laxmikantpappunishad,False,0,,,,,,,,,,,,,,,,False,,0,0.0,
263,261,Bihar,LOVELY ANAND,SHEOHAR,147000000.0,lovelyanand,False,0,,,,,,,,,,,,,,,,False,,0,0.0,
264,262,Rajasthan,LUMBARAM,JALORE,147000000.0,lumbaram,False,0,,,,,,,,,,,,,,,,False,,0,0.0,
265,263,Karnataka,M. MALLESH BABU,KOLAR(SC),147065957.11,mmalleshbabu,False,0,,,,,,,,,,,,,,,,False,,0,0.0,
266,264,Tamil Nadu,M.K. VISHNUPRASAD,CUDDALORE,147000000.0,mkvishnuprasad,False,18,16461136.0,724135.5,225.0,1.0,0.1111111111111111,0.0,0.0,0.0,14.88888888888889,31.0,2025-10-17,4.0,0.40740740740740744,19.72,Routine,True,0.11198051700680273,0,0.0,
267,265,Andhra Pradesh,Maddila Gurumoorthy,TIRUPATI(SC),180399007.0,maddilagurumoorthy,False,27,14743911.0,400000.0,36.0,0.48148148148148145,0.1111111111111111,0.07407407407407407,0.07407407407407407,0.0,6.407407407407407,25.0,2025-02-28,9.0,0.21262002743484223,11.99,Routine,True,0.08172944654845024,0,0.0,
268,266,Telangana,MADHAVANENI RAGHUNANDAN RAO,MEDAK,147000000.0,madhavaneniraghunandanrao,False,8,5250000.0,500000.0,289.0,1.0,0.0,1.0,0.25,0.25,21.5,31.0,2025-11-12,4.0,0.34375,24.35,Low,True,0.03571428571428571,0,0.0,
269,267,Andhra Pradesh,Magunta Sreenivasulu Reddy,ONGOLE,147000000.0,maguntasreenivasulureddy,False,0,,,,,,,,,,,,,,,,False,,0,0.0,
270,268,Madhya Pradesh,Mahendra Singh Solanky,DEWAS(SC),147000000.0,mahendrasinghsolanky,False,1,1000000.0,1000000.0,28.0,0.0,1.0,0.0,0.0,0.0,15.0,15.0,2024-12-19,1.0,1.0,15.0,Routine,True,0.006802721088435374,0,0.0,
271,269,Chhattisgarh,MAHESH KASHYAP,BASTAR(ST),147000000.0,maheshkashyap,False,51,35231459.0,583000.0,75.0,1.0,0.21568627450980393,0.0,0.09803921568627451,0.0,12.27450980392157,46.0,2025-05-22,8.0,0.20030757400999616,22.39,Low,True,0.23966978911564626,0,0.0,
272,270,Uttar Pradesh,Mahesh Sharma,GAUTAM BUDDHA NAGAR,148816284.11,maheshsharma,False,28,26961651.28,997321.5,17.0,0.0,0.07142857142857142,0.0,0.0,0.0,1.0714285714285714,15.0,2024-09-07,2.0,0.931122448979592,5.25,Routine,True,0.18117406600524208,0,0.0,
273,271,Rajasthan,MAHIMA KUMARI MEWAR,RAJSAMAND,183892143.0,mahimakumarimewar,False,0,,,,,,,,,,,,,,,,False,,0,0.0,
274,272,Uttarakhand,Mala Rajya Laxmi Shah,TEHRI GARHWAL,147000000.0,malarajyalaxmishah,False,3,4996274.0,1399030.0,33.0,0.0,0.0,0.0,0.3333333333333333,0.0,8.333333333333334,25.0,2024-11-27,1.0,1.0,13.33,Routine,True,0.03398825850340136,0,0.0,
275,273,West Bengal,Mala Roy,KOLKATA DAKSHIN,147000000.0,malaroy,False,15,25253528.0,996278.0,48.0,0.5333333333333333,0.2,0.13333333333333333,0.5333333333333333,0.0,19.533333333333335,46.0,2025-01-06,8.0,0.26222222222222225,27.47,Low,True,0.1717927074829932,0,0.0,
276,274,Tamil Nadu,MALAIYARASAN D,KALLAKURICHI,201599593.0,malaiyarasand,False,0,,,,,,,,,,,,,,,,False,,0,0.0,
277,275,Odisha,MALVIKA DEVI,KALAHANDI,147000000.0,malvikadevi,False,51,17198000.0,300000.0,78.0,1.0,0.29411764705882354,0.0,0.21568627450980393,0.17647058823529413,20.215686274509803,56.0,2025-01-22,14.0,0.20261437908496727,30.95,Low,True,0.11699319727891157,0,0.0,
278,276,Punjab,MALVINDER SINGH KANG,ANANDPUR SAHIB,147000000.0,malvindersinghkang,False,48,21912943.0,300000.0,36.0,0.3958333333333333,0.25,0.020833333333333332,0.041666666666666664,0.08333333333333333,7.5,25.0,2025-02-10,14.0,0.1909722222222223,12.75,Routine,True,0.1490676394557823,0,0.0,
279,277,Tamil Nadu,MANI. A.,DHARAMAPURI,164515071.11,mania,False,3,4310000.0,1655000.0,57.0,1.0,0.0,0.0,0.0,0.0,9.333333333333334,16.0,2025-06-17,2.0,0.5555555555555556,11.33,Routine,True,0.026198207683466257,0,0.0,
280,278,Tamil Nadu,Manickam Tagore B,VIRUDHUNAGAR,147000000.0,manickamtagoreb,False,18,24134014.0,800000.0,257.5,1.0,0.0,0.0,0.2222222222222222,0.0,19.333333333333332,41.0,2025-12-12,5.0,0.29012345679012347,25.83,Low,True,0.16417696598639456,0,0.0,
281,279,Jharkhand,MANISH JAISWAL,HAZARIBAGH,147000000.0,manishjaiswal,False,0,,,,,,,,,,,,,,,,False,,0,0.0,
282,280,Chandigarh,MANISH TEWARI,CHANDIGARH,178351443.75,manishtewari,False,0,,,,,,,,,,,,,,,,False,,0,0.0,
283,281,Rajasthan,MANJU SHARMA,JAIPUR,167082901.11,manjusharma,False,5,5247255.0,758307.0,71.0,1.0,0.0,0.6,0.4,0.0,16.0,31.0,2025-01-18,5.0,0.20000000000000004,20.5,Low,True,0.03140509869735526,0,0.0,
284,282,Rajasthan,MANNA LAL RAWAT,UDAIPUR(ST),147000000.0,mannalalrawat,False,20,25180812.0,1493620.0,57.0,0.95,0.05,0.05,0.05,0.0,8.7,31.0,2025-10-14,5.0,0.37000000000000005,15.39,Routine,True,0.17129804081632652,0,0.0,
285,283,Haryana,MANOHAR LAL,KARNAL,147000000.0,manoharlal,False,0,,,,,,,,,,,,,,,,False,,0,0.0,
286,284,Bihar,MANOJ KUMAR,SASARAM(SC),147000000.0,manojkumar,False,24,22300943.0,886217.5,117.0,1.0,0.0,0.0,0.0,0.0,6.0,6.0,2025-03-01,5.0,0.5833333333333335,6.0,Routine,True,0.15170709523809522,0,0.0,
287,285,West Bengal,MANOJ TIGGA,ALIPURDUARS(ST),147000000.0,manojtigga,False,0,,,,,,,,,,,,,,,,False,,0,0.0,
288,286,Delhi,Manoj Tiwari,NORTH EAST DELHI,225843858.0,manojtiwari,False,2,1949850.0,974925.0,302.0,1.0,0.0,0.0,1.0,1.0,53.0,53.0,2025-08-08,1.0,1.0,53.0,Medium,True,0.008633619781681201,0,0.0,
289,287,Gujarat,Mansukhbhai Dhanjibhai Vasava,BHARUCH,147000000.0,mansukhbhaidhanjibhaivasava,False,0,,,,,,,,,,,,,,,,False,,0,0.0,
290,288,Jammu And Kashmir,MIAN ALTAF AHMAD,ANANTNAG,147000000.0,mianaltafahmad,False,0,,,,,,,,,,,,,,,,False,,0,0.0,
291,289,Andhra Pradesh,Midhun Reddy,RAJAMPET,178951477.11,midhunreddy,False,28,9905413.0,300000.0,37.0,0.4642857142857143,0.39285714285714285,0.21428571428571427,0.07142857142857142,0.0,10.464285714285714,40.0,2025-02-19,6.0,0.25255102040816324,19.32,Routine,True,0.05535250761809148,0,0.0,
292,290,Bihar,MISHA BHARTI,PATALIPUTRA,147000000.0,mishabharti,False,0,,,,,,,,,,,,,,,,False,,0,0.0,
293,291,Gujarat,Mitesh Rameshbhai Bakabhai Patel,ANAND,147000000.0,miteshrameshbhaibakabhaipatel,False,5,970351.0,149456.0,82.0,0.8,0.0,0.0,0.0,0.0,6.8,16.0,2025-05-30,4.0,0.28,9.56,Routine,True,0.006601027210884354,0,0.0,
294,292,Ladakh,Mohamed Haneefa,LADAKH,161114542.0,mohamedhaneefa,False,0,,,,,,,,,,,,,,,,False,,0,0.0,
295,293,Uttar Pradesh,MOHIBBULLAH,RAMPUR,147000000.0,mohibbullah,False,42,14999245.0,200502.0,33.0,0.0,0.0,0.0,0.023809523809523808,0.14285714285714285,1.1666666666666667,25.0,2024-12-13,3.0,0.6836734693877551,8.32,Routine,True,0.10203568027210884,0,0.0,
296,294,Maharashtra,MOHITE PATIL DHAIRYASHEEL RAJSINH,MADHA,195613601.7,mohitepatildhairyasheelrajsinh,False,0,,,,,,,,,,,,,,,,False,,0,0.0,
297,295,Bihar,Mr Gopal Jee Thakur,DARBHANGA,147000000.0,mrgopaljeethakur,False,0,,,,,,,,,,,,,,,,False,,0,0.0,
298,296,West Bengal,Ms Mahua Moitra,KRISHNANAGAR,159865046.0,msmahuamoitra,False,23,41445304.0,848308.0,99.0,1.0,0.17391304347826086,0.0,0.30434782608695654,0.0,17.08695652173913,46.0,2025-08-22,13.0,0.11531190926275994,25.76,Low,True,0.2592518191875415,0,0.0,
299,297,Lakshadweep,MUHAMMED HAMDULLAH SAYEED,LAKSHADWEEP(ST),153942460.41,muhammedhamdullahsayeed,False,0,,,,,,,,,,,,,,,,False,,0,0.0,
300,298,Uttar Pradesh,Mukesh Rajput,FARRUKHABAD,147000000.0,mukeshrajput,False,147,35957104.0,222921.0,90.0,0.8571428571428571,0.0,0.0,0.0,0.0,5.142857142857143,6.0,2025-02-05,1.0,1.0,5.4,Routine,True,0.24460614965986394,0,0.0,
301,299,Gujarat,MUKESHKUMAR CHANDRAKAANT DALAL,SURAT,147000000.0,mukeshkumarchandrakaantdalal,False,0,,,,,,,,,,,,,,,,False,,0,0.0,
302,300,Rajasthan,MURARI LAL MEENA,DAUSA(ST),147000000.0,murarilalmeena,False,0,,,,,,,,,,,,,,,,False,,0,0.0,
303,301,Tamil Nadu,MURASOLI S,THANJAVUR,147000000.0,murasolis,False,27,43840042.0,1349348.0,166.0,0.8518518518518519,0.0,0.0,0.1111111111111111,0.0,10.11111111111111,41.0,2025-07-30,6.0,0.5665294924554181,19.38,Routine,True,0.29823157823129254,0,0.0,
304,302,Maharashtra,MURLIDHAR MOHOL,PUNE,147000000.0,murlidharmohol,False,0,,,,,,,,,,,,,,,,False,,0,0.0,
305,303,Odisha,NABA CHARAN MAJHI,MAYURBHANJ (ST),147563957.11,nabacharanmajhi,False,0,,,,,,,,,,,,,,,,False,,0,0.0,
306,304,Jharkhand,NALIN SOREN,DUMKA(ST),147364097.11,nalinsoren,False,19,7000000.0,300000.0,97.0,1.0,0.0,0.0,0.0,0.0,6.0,6.0,2024-12-20,5.0,0.4515235457063711,6.0,Routine,True,0.047501393740259856,0,0.0,
307,305,Uttar Pradesh,NARAYAN DAS AHIRWAR,JALAUN(SC),147000000.0,narayandasahirwar,False,150,35864345.160000004,243000.0,263.0,1.0,0.76,0.0,0.0,1.0,37.06666666666667,43.0,2025-06-13,1.0,1.0,38.85,Low,True,0.24397513714285718,0,0.0,
308,306,Maharashtra,NARAYAN TATU RANE,RATNAGIRI-SINDHUDURG,147000000.0,narayantaturane,False,0,,,,,,,,,,,,,,,,False,,0,0.0,
309,307,Uttar Pradesh,NARESH CHANDRA UTTAM PATEL,FATEHPUR,147000000.0,nareshchandrauttampatel,False,0,,,,,,,,,,,,,,,,False,,0,0.0,
310,308,Maharashtra,NARESH GANPAT MHASKE,THANE,147000000.0,nareshganpatmhaske,False,0,,,,,,,,,,,,,,,,False,,0,0.0,
311,309,Haryana,NAVEEN JINDAL,KURUKSHETRA,147000000.0,naveenjindal,False,9,4813383.0,391023.0,100.0,0.7777777777777778,0.1111111111111111,0.1111111111111111,0.1111111111111111,0.0,10.222222222222221,56.0,2025-09-02,4.0,0.2839506172839506,23.96,Low,True,0.03274410204081633,0,0.0,
312,310,Uttar Pradesh,NEERAJ MAURYA,AONLA,147000000.0,neerajmaurya,False,1,46470400.0,46470400.0,69.0,1.0,0.0,0.0,1.0,0.0,31.0,31.0,2024-11-23,1.0,1.0,31.0,Low,True,0.3161251700680272,0,0.0,
313,311,Maharashtra,NILESH DNYANDEV LANKE,AHMEDNAGAR,147000000.0,nileshdnyandevlanke,False,0,,,,,,,,,,,,,,,,False,,0,0.0,
314,312,Gujarat,NIMUBEN JAYANTIBHAI BAMBHANIYA,BHAVNAGAR,147000000.0,nimubenjayantibhaibambhaniya,False,0,,,,,,,,,,,,,,,,False,,0,0.0,
315,313,Jharkhand,Nishikant Dubey,GODDA,147000000.0,nishikantdubey,False,0,,,,,,,,,,,,,,,,False,,0,0.0,
316,314,Maharashtra,Nitin Jairam Gadkari,NAGPUR,168195086.11,nitinjairamgadkari,False,5,2835493.0,555000.0,3.0,0.0,0.0,0.4,0.6,0.0,15.0,25.0,2024-09-30,3.0,0.44000000000000006,18.0,Routine,True,0.016858358145764023,0,0.0,
317,315,Bihar,Nityanand Rai,UJJARPUR,147000000.0,nityanandrai,False,0,,,,,,,,,,,,,,,,False,,0,0.0,
318,316,Rajasthan,Om Birla,KOTA,163906956.6,ombirla,False,11,9052238.0,998893.0,99.0,1.0,0.09090909090909091,0.2727272727272727,0.0,0.0,7.363636363636363,21.0,2025-03-11,6.0,0.20661157024793386,11.45,Routine,True,0.055227906049717966,0,0.0,
319,317,Maharashtra,Omprakash Bhupalsinh Alias Pawan Rajenimbalkar,OSMANABAD,184758519.11,omprakashbhupalsinhaliaspawanrajenimbalkar,False,7,3848780.0,500000.0,312.0,1.0,0.0,0.0,0.0,0.0,13.142857142857142,16.0,2026-08-03,5.0,0.22448979591836732,14.0,Routine,True,0.02083140749633604,0,0.0,
320,318,Karnataka,P C Mohan,BANGALORE CENTRAL,159995711.11,pcmohan,False,1,4739506.0,4739506.0,56.0,1.0,0.0,0.0,1.0,0.0,39.0,39.0,2024-11-20,1.0,1.0,39.0,Low,True,0.02962270655331193,0,0.0,
321,319,Uttar Pradesh,Pankaj Chowdhary,MAHARAJGANJ_UP,147000000.0,pankajchowdhary,False,0,,,,,,,,,,,,,,,,False,,0,0.0,
322,320,Assam,PARIMAL SUKLABAIDYA,SILCHAR,148300157.11,parimalsuklabaidya,False,0,,,,,,,,,,,,,,,,False,,0,0.0,
323,321,Gujarat,PARSHOTTAMBHAI RUPALA,RAJKOT,147000000.0,parshottambhairupala,False,12,5786525.0,499882.0,107.0,1.0,0.08333333333333333,0.0,0.0,0.0,7.25,21.0,2025-02-01,4.0,0.5833333333333333,11.38,Routine,True,0.0393641156462585,0,0.0,
324,322,West Bengal,PARTHA BHOWMICK,BARRACKPUR,147000000.0,parthabhowmick,False,3,40700000.0,20000000.0,270.0,1.0,0.6666666666666666,0.3333333333333333,0.6666666666666666,0.0,42.666666666666664,56.0,2026-02-24,2.0,0.5555555555555556,46.67,Medium,True,0.27687074829931974,0,0.0,
325,323,Karnataka,Parvatagouda Chandanagouda Gaddigoudar,BAGALKOT,167541747.11,parvatagoudachandanagoudagaddigoudar,False,0,,,,,,,,,,,,,,,,False,,0,0.0,
326,324,The Dadra And Nagar Haveli And Daman And Diu,PATEL UMESHBHAI BABUBHAI,DAMAN and DIU,245063957.0,patelumeshbhaibabubhai,False,0,,,,,,,,,,,,,,,,False,,0,0.0,
327,325,West Bengal,PATHAN YUSUF,BAHARAMPUR,147000000.0,pathanyusuf,False,1,2000000.0,2000000.0,28.0,0.0,0.0,0.0,1.0,0.0,25.0,25.0,2024-11-25,1.0,1.0,25.0,Low,True,0.013605442176870748,0,0.0,
328,326,Assam,PHANI BHUSAN CHOUDHURY,BARPETA,147000000.0,phanibhusanchoudhury,False,0,,,,,,,,,,,,,,,,False,,0,0.0,
329,327,Maharashtra,Piyush Vedprakash Goyal,MUMBAI NORTH,147000000.0,piyushvedprakashgoyal,False,14,28500000.0,2000000.0,519.0,1.0,0.0,0.0,0.6428571428571429,0.0,32.642857142857146,49.0,2026-03-25,4.0,0.30612244897959184,37.55,Low,True,0.19387755102040816,0,0.0,
330,328,Andhra Pradesh,PRABHAKAR REDDY VEMIREDDY,NELLORE(SC),147000000.0,prabhakarreddyvemireddy,False,0,,,,,,,,,,,,,,,,False,,0,0.0,
331,329,Gujarat,Prabhubhai Nagarbhai Vasava,BARDOLI(ST),147000000.0,prabhubhainagarbhaivasava,False,46,14638584.0,192000.0,78.0,0.9347826086956522,0.15217391304347827,0.0,0.043478260869565216,0.30434782608695654,13.195652173913043,39.0,2026-08-25,12.0,0.28544423440453687,20.94,Low,True,0.09958220408163265,0,0.0,
332,330,Assam,Pradan Baruah,LAKHIMPUR,147000000.0,pradanbaruah,False,18,15400000.0,500000.0,136.0,1.0,0.7222222222222222,0.1111111111111111,0.05555555555555555,0.0,21.555555555555557,41.0,2025-08-18,4.0,0.5555555555555556,27.39,Low,True,0.10476190476190476,0,0.0,
333,331,Bihar,Pradeep Kumar Singh,ARARIA,147000000.0,pradeepkumarsingh,False,20,47473127.0,2475000.0,69.5,0.8,0.0,0.0,0.0,0.35,7.0,18.0,2025-01-31,2.0,0.9049999999999999,10.3,Routine,True,0.32294644217687074,0,0.0,
334,332,Odisha,PRADEEP PUROHIT,BARGARH,147000000.0,pradeeppurohit,False,0,,,,,,,,,,,,,,,,False,,0,0.0,
335,333,Assam,Pradyut Bordoloi,NOWGONG,98000000.0,pradyutbordoloi,False,28,12860000.0,500000.0,327.5,1.0,0.42857142857142855,0.07142857142857142,0.0,0.0,19.571428571428573,31.0,2026-08-26,11.0,0.20408163265306117,23.0,Low,True,0.13122448979591836,0,0.0,
336,334,Karnataka,Pralhad Venkatesh Joshi,DHARWAD,147000000.0,pralhadvenkateshjoshi,False,16,7820363.0,425000.0,44.0,0.4375,0.25,0.0,0.0625,0.0,11.0625,41.0,2025-09-18,2.0,0.8828125,20.04,Low,True,0.05319974829931973,0,0.0,
337,335,Maharashtra,PRANITI SUSHILKUMAR SHINDE,SOLAPUR(SC),147000000.0,pranitisushilkumarshinde,False,1,499880.0,499880.0,557.0,1.0,0.0,0.0,0.0,0.0,16.0,16.0,2026-03-09,1.0,1.0,16.0,Routine,True,0.0034005442176870747,0,0.0,
338,336,West Bengal,Prasun Banerjee,HOWRAH,147000000.0,prasunbanerjee,False,3,3283628.0,594445.0,52.0,0.6666666666666666,0.0,0.0,0.0,0.0,4.0,6.0,2025-01-31,2.0,0.5555555555555556,4.6,Routine,True,0.02233760544217687,0,0.0,
339,337,Odisha,Pratap Chandra Sarangi,BALASORE,147064254.11,pratapchandrasarangi,False,0,,,,,,,,,,,,,,,,False,,0,0.0,
340,338,Maharashtra,Prataprao Jadhav,BULDHANA,147000000.0,pratapraojadhav,False,0,,,,,,,,,,,,,,,,False,,0,0.0,
341,339,West Bengal,Pratima Mondal,JOYNAGAR(SC),147000000.0,pratimamondal,False,93,34718812.0,347598.0,88.0,0.8064516129032258,0.07526881720430108,0.15053763440860216,0.021505376344086023,0.06451612903225806,7.838709677419355,41.0,2025-05-21,9.0,0.3911434847959301,17.79,Routine,True,0.23618239455782314,0,0.0,
342,340,Delhi,Praveen Khandelwal,CHANDINI CHOWK,147470276.0,praveenkhandelwal,False,0,,,,,,,,,,,,,,,,False,,0,0.0,
343,341,Uttar Pradesh,PRAVEEN PATEL,PHULPUR,151559884.09,praveenpatel,False,0,,,,,,,,,,,,,,,,False,,0,0.0,
344,342,Uttar Pradesh,PRIYA SAROJ,MACHHLISHAHR(SC),147000000.0,priyasaroj,False,459,18957268.0,20896.0,17.0,0.0,0.02832244008714597,0.0,0.002178649237472767,0.0,0.6361655773420479,25.0,2024-12-06,2.0,0.9956521945500543,7.95,Routine,True,0.1289610068027211,0,0.0,
345,343,Kerala,Priyanka Gandhi Vadra,WAYANAD,122500000.0,priyankagandhivadra,False,0,,,,,,,,,,,,,,,,False,,0,0.0,
346,344,Karnataka,PRIYANKA SATISH JARKIHOLI,CHIKKODI,147000000.0,priyankasatishjarkiholi,False,2,1050000.0,525000.0,446.0,1.0,0.0,1.0,0.0,0.0,16.0,16.0,2026-02-16,2.0,0.5,16.0,Routine,True,0.007142857142857143,0,0.0,
347,345,West Bengal,Prof Sougata Ray,DUM DUM,147000000.0,sougataray,False,2,2200000.0,1100000.0,368.5,1.0,0.0,0.0,0.0,0.0,16.0,16.0,2026-03-13,2.0,0.5,16.0,Routine,True,0.014965986394557823,0,0.0,
348,346,Uttar Pradesh,Prof SP Singh Baghel,AGRA(SC),147000000.0,spsinghbaghel,False,40,46682728.0,1138300.0,32.0,0.1,0.0,0.0,0.025,0.0,1.225,25.0,2025-01-05,2.0,0.6800000000000002,8.36,Routine,True,0.3175695782312925,0,0.0,
349,347,Uttar Pradesh,PUSHPENDRA SAROJ,KAUSHAMBI(SC),147000000.0,pushpendrasaroj,False,349,22769451.0,73920.0,111.0,1.0,0.0,0.025787965616045846,0.0,0.0,6.0,6.0,2025-04-26,2.0,0.994285761200647,6.0,Routine,True,0.15489422448979592,0,0.0,
350,348,Andhra Pradesh,Putta Mahesh Kumar,ELURU,147000000.0,puttamaheshkumar,False,53,30558000.0,400000.0,246.0,0.9811320754716981,0.0,0.018867924528301886,0.07547169811320754,0.9622641509433962,39.54716981132076,41.0,2026-01-09,4.0,0.8568885724457102,39.98,Low,True,0.20787755102040817,0,0.0,
351,349,Uttar Pradesh,R.K. CHAUDHARY,MOHANLALGANJ(SC),147000000.0,rkchaudhary,False,59,6371115.0,107985.0,59.0,1.0,0.7627118644067796,0.2033898305084746,0.0,0.0,17.440677966101696,21.0,2024-12-17,1.0,1.0,18.51,Routine,True,0.04334091836734694,0,0.0,
352,350,Odisha,RABINDRA NARAYAN BEHERA,JAJPUR(SC),147064617.11,rabindranarayanbehera,False,0,,,,,,,,,,,,,,,,False,,0,0.0,
353,351,West Bengal,RACHNA BANERJEE,HOOGHLY,147000000.0,rachnabanerjee,False,23,19742891.0,347080.0,117.0,0.9565217391304348,0.4782608695652174,0.043478260869565216,0.13043478260869565,0.0,19.217391304347824,31.0,2025-12-15,7.0,0.20982986767485817,22.75,Low,True,0.13430538095238095,0,0.0,
354,352,Bihar,Radha Mohan Singh,PURVI CHAMPARAN,147000000.0,radhamohansingh,False,13,17846559.0,1483462.0,40.0,0.46153846153846156,0.0,0.0,0.6153846153846154,0.0,18.153846153846153,31.0,2025-01-23,4.0,0.3254437869822485,22.01,Low,True,0.12140516326530612,0,0.0,
355,353,Karnataka,RADHAKRISHNA,GULBARGA(SC),147000000.0,radhakrishna,False,0,,,,,,,,,,,,,,,,False,,0,0.0,
356,354,Chhattisgarh,RADHE SHYAM RATHIYA,RAIGARH(ST),159706972.09,radheshyamrathiya,False,71,48681515.0,700000.0,71.0,0.5352112676056338,0.028169014084507043,0.014084507042253521,0.04225352112676056,0.7464788732394366,16.295774647887324,53.0,2026-01-19,13.0,0.21642531243800833,27.31,Low,True,0.30481771937023766,0,0.0,
357,355,Uttar Pradesh,RAHUL GANDHI,RAE BARELI,147000000.0,rahulgandhi,False,9,4699998.0,500000.0,62.0,1.0,0.5555555555555556,0.0,0.0,0.0,14.333333333333334,21.0,2025-01-28,3.0,0.6296296296296298,16.33,Routine,True,0.03197277551020408,0,0.0,
358,356,Rajasthan,Rahul Kaswan,CHURU,147000000.0,rahulkaswan,False,0,,,,,,,,,,,,,,,,False,,0,0.0,
359,357,Madhya Pradesh,RAHUL SINGH LODHI,DAMOH,163058785.37,rahulsinghlodhi,False,37,11659156.0,198724.0,41.0,0.35135135135135137,0.05405405405405406,0.05405405405405406,0.02702702702702703,0.05405405405405406,3.810810810810811,40.0,2025-01-17,3.0,0.7604090577063551,14.67,Routine,True,0.0715027771950096,0,0.0,
360,358,Bihar,RAJ BHUSHAN CHOUDHARY,MUZAFFARPUR,147000000.0,rajbhushanchoudhary,False,0,,,,,,,,,,,,,,,,False,,0,0.0,
361,359,Rajasthan,RAJ KUMAR ROAT,BANSWARA(ST),147000000.0,rajkumarroat,False,27,28698893.0,1000000.0,67.0,0.8148148148148148,0.0,0.0,0.1111111111111111,0.0,7.666666666666667,31.0,2025-01-13,10.0,0.16323731138545955,14.67,Routine,True,0.19523056462585034,0,0.0,
362,360,Bihar,RAJA RAM SINGH,KARAKAT,147000000.0,rajaramsingh,False,0,,,,,,,,,,,,,,,,False,,0,0.0,
363,361,Maharashtra,RAJABHAU,NASHIK,152878682.11,rajabhau,False,0,,,,,,,,,,,,,,,,False,,0,0.0,
364,362,Himachal Pradesh,RAJEEV BHARDWAJ,KANGRA,179388967.11,rajeevbhardwaj,False,12,1844144.0,100000.0,121.0,1.0,0.3333333333333333,0.4166666666666667,0.0,0.16666666666666666,16.333333333333332,33.0,2025-07-24,4.0,0.48611111111111105,21.33,Low,True,0.010280141692711705,0,0.0,
365,363,Uttar Pradesh,RAJEEV RAI,GHOSI,147000000.0,rajeevrai,False,85,24225754.0,206970.0,209.0,1.0,0.011764705882352941,0.0,0.011764705882352941,0.0,12.823529411764707,46.0,2025-07-09,4.0,0.787681660899654,22.78,Low,True,0.16480104761904762,0,0.0,
366,364,Bihar,RAJESH RANJAN ALIAS PAPPU YADAV,PURNEA,147000000.0,rajeshranjanaliaspappuyadav,False,40,36550000.0,850000.0,74.0,1.0,0.0,0.0,0.025,0.175,8.075,31.0,2025-04-26,1.0,1.0,14.95,Routine,True,0.24863945578231292,0,0.0,
367,365,Bihar,RAJESH VERMA,KHAGARIA,147000000.0,rajeshverma,False,16,15205140.0,993401.0,143.0,1.0,0.0,0.0,0.0,0.5625,14.625,18.0,2025-05-21,3.0,0.4921875,15.64,Routine,True,0.10343632653061224,0,0.0,
368,366,Gujarat,Rajeshbhai Naranbhai Chudasama,JUNAGADH,147000000.0,rajeshbhainaranbhaichudasama,False,3,850000.0,300000.0,50.0,1.0,0.0,0.0,0.0,0.0,6.0,6.0,2024-12-24,2.0,0.5555555555555556,6.0,Routine,True,0.005782312925170068,0,0.0,
369,367,Bihar,Rajiv Pratap Rudy,SARAN,147000000.0,rajivprataprudy,False,0,,,,,,,,,,,,,,,,False,,0,0.0,
370,368,Bihar,Rajiv Ranjan (Lalan) Singh,MUNGER,147000000.0,rajivranjanlalansingh,False,0,,,,,,,,,,,,,,,,False,,0,0.0,
371,369,Uttar Pradesh,Rajkumar Chahar,FATEHPUR SIKRI,147000000.0,rajkumarchahar,False,20,38737158.0,2365762.0,39.0,0.0,0.0,0.0,0.8,0.0,20.8,33.0,2024-11-27,3.0,0.815,24.46,Low,True,0.26351808163265306,0,0.0,
372,370,Uttar Pradesh,Rajnath Singh,LUCKNOW,154808797.11,rajnathsingh,False,0,,,,,,,,,,,,,,,,False,,0,0.0,
373,371,Gujarat,RAJPALSINH MAHENDRASINH JADAV,PANCHMAHAL,147000000.0,rajpalsinhmahendrasinhjadav,False,0,,,,,,,,,,,,,,,,False,,0,0.0,
374,372,West Bengal,Raju Bista,DARJEELING,147000000.0,rajubista,False,86,41411612.0,484501.5,165.5,1.0,0.05813953488372093,0.12790697674418605,0.0,0.0,11.244186046511627,31.0,2026-08-18,12.0,0.18171984856679288,17.17,Routine,True,0.2817116462585034,0,0.0,
375,373,Uttar Pradesh,RAKESH RATHOR,SITAPUR,147000000.0,rakeshrathor,False,15,19041868.0,1243818.0,92.0,1.0,0.0,0.0,0.0,0.0,6.666666666666667,16.0,2025-04-24,2.0,0.8755555555555556,9.47,Routine,True,0.12953651700680271,0,0.0,
376,374,Assam,RAKIBUL HUSSAIN,DHUBRI,147000000.0,rakibulhussain,False,22,10450000.0,500000.0,176.0,1.0,0.7727272727272727,0.09090909090909091,0.0,0.0,22.59090909090909,31.0,2026-05-21,7.0,0.2148760330578512,25.11,Low,True,0.07108843537414966,0,0.0,
377,375,Uttar Pradesh,RAM PRASAD CHAUDHARY,BASTI,204176957.11,ramprasadchaudhary,False,19,26847950.0,903408.0,41.0,0.0,0.0,0.0,0.10526315789473684,0.0,2.6315789473684212,25.0,2024-12-11,2.0,0.8116343490304709,9.34,Routine,True,0.13149353570557773,0,0.0,
378,376,Uttar Pradesh,Ram Shiromani,SHRAWASTI,151746878.11,ramshiromani,False,0,,,,,,,,,,,,,,,,False,,0,0.0,
379,377,Telangana,RAMASAHAYAM RAGHURAM REDDY,KHAMMAM,147000000.0,ramasahayamraghuramreddy,False,0,,,,,,,,,,,,,,,,False,,0,0.0,
380,378,Uttar Pradesh,RAMASHANKAR RAJBHAR,SALEMPUR,160056927.07,ramashankarrajbhar,False,84,36586764.0,312789.0,169.0,0.9880952380952381,0.09523809523809523,0.07142857142857142,0.011904761904761904,0.0,10.154761904761905,41.0,2025-08-13,5.0,0.4138321995464852,19.41,Routine,True,0.22858594544926497,0,0.0,
381,379,Uttar Pradesh,RAMBHUAL NISHAD,SULTANPUR,151231957.11,rambhualnishad,False,5,15852234.0,1500000.0,204.0,0.8,0.8,0.0,0.6,0.0,37.8,56.0,2025-06-24,3.0,0.44000000000000006,43.26,Medium,True,0.10482066292688208,0,0.0,
382,380,Uttar Pradesh,RAMESH AWASTHI,KANPUR,147000000.0,rameshawasthi,False,1,3831541.0,3831541.0,22.0,0.0,0.0,0.0,1.0,0.0,25.0,25.0,2024-10-09,1.0,1.0,25.0,Low,True,0.02606490476190476,0,0.0,
383,381,Karnataka,Ramesh Chandappa Jigajinagi,BIJAPUR(SC),269500000.0,rameshchandappajigajinagi,False,0,,,,,,,,,,,,,,,,False,,0,0.0,
384,382,Bihar,Ramprit Mandal,JHANJHARPUR,147000000.0,rampritmandal,False,37,39099471.0,1096000.0,180.0,0.7567567567567568,0.0,0.0,0.0,0.0,9.35135135135135,24.0,2026-04-22,6.0,0.22425127830533237,13.75,Routine,True,0.2659827959183673,0,0.0,
385,383,Delhi,Ramvir Singh Bidhuri,SOUTH DELHI,147559100.0,ramvirsinghbidhuri,False,0,,,,,,,,,,,,,,,,False,,0,0.0,
386,384,Assam,RANJIT DUTTA,Sonitpur,147000000.0,ranjitdutta,False,0,,,,,,,,,,,,,,,,False,,0,0.0,
387,385,Haryana,Rao Inderjit Singh,GURGAON,147000000.0,raoinderjitsingh,False,8,10343438.0,1299893.5,122.0,0.875,0.375,0.125,0.5,0.0,25.875,46.0,2026-05-21,5.0,0.25,31.91,Low,True,0.0703635238095238,0,0.0,
388,386,Rajasthan,Rao Rajendra Singh,JAIPUR RURAL,147000000.0,raorajendrasingh,False,0,,,,,,,,,,,,,,,,False,,0,0.0,
389,387,Bihar,Ravi Shankar Prasad,PATNA SAHIB,147000000.0,ravishankarprasad,False,8,5144500.0,246500.0,69.0,0.625,0.125,0.0,0.0,0.0,6.875,21.0,2025-03-27,4.0,0.28125,11.11,Routine,True,0.034996598639455784,0,0.0,
390,388,Maharashtra,RAVINDRA DATTARAM WAIKAR,MUMBAI NORTH WEST,147000000.0,ravindradattaramwaikar,False,17,32500000.0,2000000.0,469.0,1.0,0.7058823529411765,0.0,0.4117647058823529,0.0,36.88235294117647,56.0,2026-03-25,6.0,0.3356401384083045,42.62,Medium,True,0.22108843537414966,0,0.0,
391,389,Uttar Pradesh,Ravindra Shyamnarayan Alias Ravi Kishan Shukla,GORAKHPUR,147000000.0,ravindrashyamnarayanaliasravikishanshukla,False,0,,,,,,,,,,,,,,,,False,,0,0.0,
392,390,Maharashtra,Ravindra Vasantrao Chavan,NANDED,147000000.0,ravindravasantraochavan,False,0,,,,,,,,,,,,,,,,False,,0,0.0,
393,391,Mizoram,RICHARD VANLALHMANGAIHA,MIZORAM (ST),147000000.0,richardvanlalhmangaiha,False,101,44997115.0,250000.0,112.0,1.0,0.0,0.801980198019802,0.13861386138613863,0.019801980198019802,10.099009900990099,43.0,2025-04-25,16.0,0.32398784432898736,19.97,Routine,True,0.3061028231292517,0,0.0,
394,392,Tamil Nadu,ROBERT BRUCE C,TIRUNELVELI,147475440.11,robertbrucec,False,0,,,,,,,,,,,,,,,,False,,0,0.0,
395,393,Madhya Pradesh,Rodmal Nagar,RAJGARH,147000000.0,rodmalnagar,False,99,45840547.0,100000.0,229.0,1.0,0.8080808080808081,0.1919191919191919,0.050505050505050504,0.9696969696969697,52.98989898989899,56.0,2025-04-26,3.0,0.45515763697581885,53.89,Medium,True,0.3118404557823129,0,0.0,
396,394,Chhattisgarh,ROOP KUMARI CHOUDHARY,MAHASAMUND,153035414.0,roopkumarichoudhary,False,36,18969977.0,499624.0,45.0,0.5,0.0,0.0,0.2222222222222222,0.4722222222222222,13.333333333333334,37.0,2025-05-15,6.0,0.23765432098765432,20.43,Low,True,0.12395808593689302,0,0.0,
397,395,Uttar Pradesh,RUCHI VIRA,MORADABAD,147000000.0,ruchivira,False,0,,,,,,,,,,,,,,,,False,,0,0.0,
398,396,Odisha,RUDRA NARAYAN PANY,DHENKANAL,155013957.11,rudranarayanpany,False,0,,,,,,,,,,,,,,,,False,,0,0.0,
399,397,Nagaland,S SUPONGMEREN JAMIR,NAGALAND,147000000.0,ssupongmerenjamir,False,23,49000000.0,500000.0,69.0,0.8695652173913043,0.0,0.0,0.34782608695652173,0.6086956521739131,20.869565217391305,43.0,2024-11-29,12.0,0.14933837429111527,27.51,Low,True,0.3333333333333333,0,0.0,
400,398,Tamil Nadu,S Venkatesan,MADURAI,147000000.0,svenkatesan,False,1,2500000.0,2500000.0,4.0,0.0,0.0,0.0,1.0,0.0,25.0,25.0,2024-10-14,1.0,1.0,25.0,Low,True,0.017006802721088437,0,0.0,
401,399,Tamil Nadu,S. Jagathrakshakan,ARAKKONAM,180589332.34,sjagathrakshakan,False,2,1996264.0,998132.0,9.0,0.0,0.0,0.0,0.0,0.0,0.0,0.0,2024-10-07,2.0,0.5,0.0,Routine,True,0.01105416346654178,0,0.0,
402,400,Tamil Nadu,SACHITHANANTHAM R,DINDIGUL,147000000.0,sachithananthamr,False,21,29545582.0,1000000.0,15.0,0.47619047619047616,0.0,0.38095238095238093,0.19047619047619047,0.0,9.047619047619047,31.0,2025-03-12,10.0,0.15192743764172334,15.63,Routine,True,0.2009903537414966,0,0.0,
403,401,Karnataka,SAGAR ESHWAR KHANDRE,BIDAR,147000000.0,sagareshwarkhandre,False,3,750000.0,250000.0,234.0,1.0,0.0,0.0,0.0,1.0,28.0,28.0,2025-07-07,1.0,1.0,28.0,Low,True,0.00510204081632653,0,0.0,
404,402,Meghalaya,SALENG A SANGMA,TURA,147000000.0,salengasangma,False,14,4500000.0,200000.0,40.5,0.5,0.0,0.5,0.0,0.0,3.0,6.0,2025-03-27,6.0,0.22448979591836735,3.9,Routine,True,0.030612244897959183,0,0.0,
405,403,Odisha,SAMBIT PATRA,PURI,147000000.0,sambitpatra,False,0,,,,,,,,,,,,,,,,False,,0,0.0,
406,404,Uttar Pradesh,SANATAN PANDEY,BALLIA,180420041.4,sanatanpandey,False,102,38836566.0,216470.0,91.0,1.0,0.6764705882352942,0.0,0.0,0.6666666666666666,32.81372549019608,46.0,2025-04-03,3.0,0.515763168012303,36.77,Low,True,0.21525638559131824,0,0.0,
407,405,Maharashtra,SANJAY DINA PATIL,MUMBAI NORTH EAST,147000000.0,sanjaydinapatil,False,0,,,,,,,,,,,,,,,,False,,0,0.0,
408,406,Maharashtra,Sanjay Haribhau Jadhav,PARBHANI,147000000.0,sanjayharibhaujadhav,False,40,35163301.0,998205.5,13.0,0.425,0.5,0.025,0.0,0.0,10.8,31.0,2025-10-15,2.0,0.52,16.86,Routine,True,0.23920612925170068,0,0.0,
409,407,Bihar,Sanjay Jaiswal,PASCHIM CHAMPARAN,147000000.0,sanjayjaiswal,False,0,,,,,,,,,,,,,,,,False,,0,0.0,
410,408,Telangana,Sanjay Kumar Bandi,KARIMNAGAR,172775317.11,sanjaykumarbandi,False,0,,,,,,,,,,,,,,,,False,,0,0.0,
411,409,Jharkhand,Sanjay Seth,RANCHI,147064357.11,sanjayseth,False,62,43208100.0,591350.0,83.5,1.0,0.3548387096774194,0.0,0.08064516129032258,0.03225806451612903,13.46774193548387,46.0,2024-12-31,6.0,0.37460978147762736,23.23,Low,True,0.293804024639917,0,0.0,
412,410,Maharashtra,Sanjay Uttamrao Deshmukh,YAVATMAL-WASHIM,185640423.0,sanjayuttamraodeshmukh,False,0,,,,,,,,,,,,,,,,False,,0,0.0,
413,411,Rajasthan,SANJNA JATAV,BHARATPUR(SC),147000000.0,sanjnajatav,False,83,38756341.1,498664.0,102.0,0.9879518072289156,0.14457831325301204,0.1566265060240964,0.04819277108433735,0.0,9.301204819277109,31.0,2025-01-24,7.0,0.6806503120917404,15.81,Routine,True,0.2636485789115646,0,0.0,
414,412,Chhattisgarh,Santosh Pandey,RAJNANDGAON,147000000.0,santoshpandey,False,4,3899375.0,550000.0,37.0,0.25,0.0,0.0,0.25,0.0,7.75,31.0,2025-01-03,4.0,0.25,14.72,Routine,True,0.026526360544217687,0,0.0,
415,413,Odisha,Saptagiri Sankar Ulaka,KORAPUT(ST),269500000.0,saptagirisankarulaka,False,37,12312424.0,250000.0,60.0,1.0,0.10810810810810811,0.10810810810810811,0.02702702702702703,0.0,9.91891891891892,31.0,2026-01-13,5.0,0.4755295836376917,16.24,Routine,True,0.04568617439703154,0,0.0,
416,414,Punjab,SARABJEET SINGH KHALSA,FARIDKOT(SC),150850348.15,sarabjeetsinghkhalsa,False,119,31055265.0,200000.0,53.0,0.5210084033613446,0.07563025210084033,0.0,0.025210084033613446,0.5630252100840336,16.34453781512605,46.0,2025-04-16,17.0,0.12590918720429348,25.24,Low,True,0.20586803663933073,0,0.0,
417,415,Tamil Nadu,Sasikanth Senthil,TIRUVALLUR(SC),171500000.0,sasikanthsenthil,False,7,7248655.0,640161.0,221.0,1.0,0.0,0.0,0.2857142857142857,0.2857142857142857,27.428571428571427,41.0,2025-08-30,4.0,0.38775510204081637,31.5,Low,True,0.04226620991253644,0,0.0,
418,416,Haryana,SATPAL BRAHAMCHARI,SONEPAT,147000000.0,satpalbrahamchari,False,3,1344000.0,499000.0,54.0,1.0,0.0,0.0,0.0,0.0,9.333333333333334,16.0,2026-02-17,3.0,0.3333333333333333,11.33,Routine,True,0.009142857142857144,0,0.0,
419,417,West Bengal,Saumitra khan,BISHNUPUR(SC),147000000.0,saumitrakhan,False,31,29176583.0,650000.0,102.0,1.0,0.16129032258064516,0.0,0.3548387096774194,0.7096774193548387,23.29032258064516,50.0,2025-01-06,9.0,0.22996878251821015,31.3,Low,True,0.19848015646258504,0,0.0,
420,418,Madhya Pradesh,SAVITRI THAKUR,DHAR(ST),147000000.0,savitrithakur,False,34,5644884.0,166026.0,34.0,0.0,0.0,0.0,0.0,1.0,24.38235294117647,25.0,2024-12-24,1.0,1.0,24.57,Low,True,0.03840057142857143,0,0.0,
421,419,West Bengal,SAYANI GHOSH,JADAVPUR,147000000.0,sayanighosh,False,0,,,,,,,,,,,,,,,,False,,0,0.0,
422,420,Haryana,SELJA,SIRSA(SC),147000000.0,selja,False,0,,,,,,,,,,,,,,,,False,,0,0.0,
423,421,Tamil Nadu,SELVAGANAPATHI T M,SALEM,147000000.0,selvaganapathitm,False,0,,,,,,,,,,,,,,,,False,,0,0.0,
424,422,Tamil Nadu,SELVARAJ V,NAGAPATTINAM(SC),147000000.0,selvarajv,False,0,,,,,,,,,,,,,,,,False,,0,0.0,
425,423,Kerala,SHAFI PARAMBIL,VADAKARA,147000000.0,shafiparambil,False,0,,,,,,,,,,,,,,,,False,,2,5000000.0,2025-03-02
426,424,Bihar,SHAMBHAVI,SAMASTIPUR(SC),147000000.0,shambhavi,False,0,,,,,,,,,,,,,,,,False,,0,0.0,
427,425,Madhya Pradesh,Shankar Lalwani,INDORE,147000000.0,shankarlalwani,False,5,1789598.0,424527.0,26.0,0.4,0.4,0.0,0.0,0.0,8.4,21.0,2025-05-13,2.0,0.52,12.18,Routine,True,0.01217413605442177,0,0.0,
428,426,Uttar Pradesh,SHASHANK MANI,DEORIA,147000000.0,shashankmani,False,34,35732862.0,997808.0,49.0,0.6764705882352942,0.058823529411764705,0.08823529411764706,0.0,0.0,4.9411764705882355,21.0,2025-01-31,1.0,1.0,9.76,Routine,True,0.24308069387755102,0,0.0,
429,427,West Bengal,Shatrughan Sinha,ASANSOL,147000000.0,shatrughansinha,False,7,19196000.0,1700000.0,96.0,0.8571428571428571,0.7142857142857143,0.2857142857142857,0.7142857142857143,0.2857142857142857,40.0,68.0,2026-02-06,5.0,0.26530612244897955,48.4,Medium,True,0.13058503401360544,0,0.0,
430,428,Punjab,SHER SINGH GHUBAYA,FIROZPUR,147000000.0,shersinghghubaya,False,55,12843812.0,232650.0,21.0,0.0,0.0,0.0,0.0,0.14545454545454545,0.8727272727272727,12.0,2024-10-28,3.0,0.8023140495867768,4.21,Routine,True,0.08737287074829932,0,0.0,
431,429,Madhya Pradesh,SHIVMANGAL SINGH TOMAR,MORENA,147000000.0,shivmangalsinghtomar,False,21,16400000.0,800000.0,62.0,0.6666666666666666,0.7619047619047619,0.23809523809523808,0.0,0.0,15.428571428571429,21.0,2025-01-09,3.0,0.4603174603174603,17.1,Routine,True,0.11156462585034013,0,0.0,
432,430,Madhya Pradesh,SHIVRAJ SINGH CHOUHAN,VIDISHA,147000000.0,shivrajsinghchouhan,False,0,,,,,,,,,,,,,,,,False,,0,0.0,
433,431,Karnataka,SHOBHA KARANDLAJE,BANGALORE NORTH,147000000.0,shobhakarandlaje,False,0,,,,,,,,,,,,,,,,False,,0,0.0,
434,432,Gujarat,SHOBHANABEN MAHENDRASINH BARAIYA,SABARKANTHA,147000000.0,shobhanabenmahendrasinhbaraiya,False,30,13946000.0,500000.0,68.5,0.9333333333333333,0.23333333333333334,0.16666666666666666,0.1,0.0,12.266666666666667,46.0,2025-12-03,10.0,0.21111111111111117,22.39,Low,True,0.09487074829931973,0,0.0,
435,433,Karnataka,SHREYAS. M. PATEL,HASSAN,147000000.0,shreyasmpatel,False,0,,,,,,,,,,,,,,,,False,,0,0.0,
436,434,Haryana,Shri  Dharambir Singh,BHIWANI MAHENDRAGARH,147000000.0,dharambirsingh,False,4,2721461.0,291628.5,83.5,0.75,0.5,0.0,0.25,0.0,20.75,31.0,2025-05-26,3.0,0.375,23.82,Low,True,0.01851334013605442,0,0.0,
437,435,West Bengal,Shri Abhishek Banerjee,DIAMOND HARBOUR,147000000.0,abhishekbanerjee,False,150,46418162.0,299835.0,95.0,1.0,0.013333333333333334,0.006666666666666667,0.0,0.0,6.8,31.0,2025-09-25,8.0,0.8366222222222223,14.06,Routine,True,0.3157698095238095,0,0.0,
438,436,Punjab,Shri Amar Singh,FATEHGARH SAHIB(SC),147000000.0,amarsingh,False,0,,,,,,,,,,,,,,,,False,,0,0.0,
439,437,Gujarat,Shri Amit Shah,GANDHINAGAR,147000000.0,amitshah,False,0,,,,,,,,,,,,,,,,False,,0,0.0,
440,438,Madhya Pradesh,Shri Anil Firojiya,UJJAIN(SC),147000000.0,anilfirojiya,False,24,2400000.0,100000.0,103.0,1.0,0.0,1.0,0.0,1.0,18.0,18.0,2025-01-20,1.0,1.0,18.0,Routine,True,0.0163265306122449,0,0.0,
441,439,Rajasthan,Shri Arjun Ram Meghwal,BIKANER(SC),147000000.0,arjunrammeghwal,False,19,22613245.0,1000000.0,96.0,1.0,0.0,0.05263157894736842,0.15789473684210525,0.0,10.473684210526315,41.0,2025-09-04,8.0,0.16897506925207756,19.63,Routine,True,0.15383159863945578,0,0.0,
442,440,Uttar Pradesh,Shri Arun Kumar Sagar,SHAHJAHANPUR(SC),147000000.0,arunkumarsagar,False,2,47808000.0,23904000.0,21.0,0.0,0.0,0.0,1.0,0.0,25.0,25.0,2024-08-28,2.0,0.5,25.0,Low,True,0.3252244897959184,0,0.0,
443,441,Karnataka,Shri B Y Raghavendra,SHIMOGA,147000000.0,byraghavendra,False,0,,,,,,,,,,,,,,,,False,,0,0.0,
444,442,Kerala,Shri Benny Behanan,CHALAKUDY,164674770.11,bennybehanan,False,5,10218688.0,1803729.0,116.0,1.0,0.6,0.0,0.2,0.0,24.0,56.0,2025-11-06,3.0,0.3600000000000001,33.6,Low,True,0.06205375597715476,0,0.0,
445,443,Odisha,Shri Bhartruhari Mahtab,CUTTACK,147000000.0,bhartruharimahtab,False,0,,,,,,,,,,,,,,,,False,,0,0.0,
446,444,Jharkhand,Shri Chandra Prakash Choudhary,GIRIDIH,147000000.0,chandraprakashchoudhary,False,451,38736462.0,22000.0,33.0,0.17738359201773837,0.9423503325942351,0.0022172949002217295,0.21729490022172948,0.004434589800443459,21.430155210643015,48.0,2025-03-01,2.0,0.7110338690566909,29.4,Low,True,0.2635133469387755,0,0.0,
447,445,West Bengal,Shri Deepak (Dev) Adhikari,GHATAL,200747364.0,deepakdevadhikari,False,0,,,,,,,,,,,,,,,,False,,0,0.0,
448,446,Punjab,Shri Gurjeet Singh Aujla,AMRITSAR,147000000.0,gurjeetsinghaujla,False,9,3619099.0,286000.0,10.0,0.1111111111111111,0.0,0.0,0.1111111111111111,0.1111111111111111,3.888888888888889,25.0,2025-01-03,7.0,0.18518518518518517,10.22,Routine,True,0.024619721088435374,1,7067400.0,2025-12-07
449,447,Rajasthan,Shri Hanuman Beniwal,NAGAUR,147000000.0,hanumanbeniwal,False,156,42252197.0,122571.0,73.5,1.0,0.038461538461538464,0.0,0.04487179487179487,0.0,7.698717948717949,31.0,2025-01-19,15.0,0.24884944115713348,14.69,Routine,True,0.28742991156462583,0,0.0,
450,448,Kerala,Shri Hibi Eden,ERNAKULAM,162177260.11,hibieden,False,17,21660186.0,352070.0,364.0,1.0,0.17647058823529413,0.0,0.11764705882352941,0.0,16.88235294117647,56.0,2026-01-15,5.0,0.3494809688581315,28.62,Low,True,0.13355871214810597,0,0.0,
451,449,Bihar,Shri Janardan Singh Sigriwal,MAHARAJGANJ_BR,147000000.0,janardansinghsigriwal,False,0,,,,,,,,,,,,,,,,False,,0,0.0,
452,450,Odisha,Shri Jual Oram,SUNDARGARH (ST),173096756.91,jualoram,False,64,38488256.0,500000.0,62.0,0.765625,0.25,0.484375,0.015625,0.0,9.046875,41.0,2025-08-21,10.0,0.4296875,18.63,Routine,True,0.2223511097900673,1,10000000.0,2025-10-10
453,451,Jammu And Kashmir,Shri Jugal Kishore Sharma,JAMMU,147000000.0,jugalkishoresharma,False,0,,,,,,,,,,,,,,,,False,,0,0.0,
454,452,West Bengal,Shri Jyotirmay Singh Mahato,PURULIA,147000000.0,jyotirmaysinghmahato,False,0,,,,,,,,,,,,,,,,False,,0,0.0,
455,453,Tamil Nadu,Shri Karti P Chidambaram,SIVAGANGA,159049284.11,kartipchidambaram,False,13,14148098.0,299787.0,1.0,0.07692307692307693,0.07692307692307693,0.0,0.07692307692307693,0.0,4.3076923076923075,56.0,2025-09-06,7.0,0.2662721893491124,19.82,Routine,True,0.08895417592835589,0,0.0,
456,454,Kerala,Shri Kumbakudi Sudhakaran,KANNUR,147000000.0,kumbakudisudhakaran,False,37,14915233.0,300000.0,348.0,1.0,0.1891891891891892,0.05405405405405406,0.0,0.13513513513513514,20.243243243243242,41.0,2026-06-25,5.0,0.32505478451424397,26.47,Low,True,0.10146417006802722,0,0.0,
457,455,Karnataka,Shri LS Tejasvi Surya,BANGALORE SOUTH,147000000.0,lstejasvisurya,False,9,7394260.0,500000.0,218.0,1.0,0.1111111111111111,0.0,0.5555555555555556,0.0,32.44444444444444,49.0,2026-02-20,7.0,0.16049382716049382,37.41,Low,True,0.05030108843537415,0,0.0,
458,456,Kerala,Shri M K Raghavan,KOZHIKODE,147000000.0,mkraghavan,False,0,,,,,,,,,,,,,,,,False,,0,0.0,
459,457,Uttar Pradesh,Shri Narendra Modi,VARANASI,162070276.11,narendramodi,False,0,,,,,,,,,,,,,,,,False,,0,0.0,
460,458,Kerala,Shri NK Premachandran,KOLLAM,171477994.11,nkpremachandran,False,18,24901354.34,1225000.0,185.5,0.7777777777777778,0.2777777777777778,0.0,0.16666666666666666,0.0,18.0,56.0,2025-03-21,7.0,0.22222222222222227,29.4,Low,True,0.14521603468271407,2,2000000.0,2024-12-07
461,459,Rajasthan,Shri PP Chaudhary,PALI,147000000.0,ppchaudhary,False,1,2257000.0,2257000.0,163.0,1.0,0.0,0.0,1.0,0.0,31.0,31.0,2025-01-09,1.0,1.0,31.0,Low,True,0.01535374149659864,0,0.0,
462,460,Kerala,Shri Rajmohan Unnithan,KASARAGOD,156754633.11,rajmohanunnithan,False,21,8687009.0,299170.0,247.0,1.0,0.047619047619047616,0.0,0.09523809523809523,0.0,18.61904761904762,41.0,2026-02-19,4.0,0.6689342403628119,25.33,Low,True,0.05541787714755476,0,0.0,
463,461,Assam,Shri Sarbananda Sonowal (18LS),DIBRUGARH,147000000.0,sarbanandasonowal18ls,False,0,,,,,,,,,,,,,,,,False,,0,0.0,
464,462,Uttar Pradesh,Shri Satish Kumar Gautam,ALIGARH,147000000.0,satishkumargautam,False,0,,,,,,,,,,,,,,,,False,,0,0.0,
465,463,West Bengal,Shri Shantanu Thakur,BANGAON(SC),147000000.0,shantanuthakur,False,0,,,,,,,,,,,,,,,,False,,0,0.0,
466,464,Madhya Pradesh,Shri Sudheer Gupta,MANDSOUR,148988014.83,sudheergupta,False,56,6794092.0,100000.0,108.0,1.0,0.07142857142857142,0.0,0.0,0.9107142857142857,18.107142857142858,43.0,2026-02-16,5.0,0.7130102040816327,25.58,Low,True,0.04560160095932731,0,0.0,
467,465,Kerala,Shri Suresh Kodikunnil,MAVELIKKARA(SC),172429519.11,sureshkodikunnil,False,10,15075909.0,1079611.5,70.0,0.7,0.0,0.0,0.2,0.0,10.2,31.0,2025-06-27,6.0,0.24000000000000007,16.44,Routine,True,0.08743229742688342,0,0.0,
468,466,Arunachal Pradesh,Shri Tapir Gao,ARUNACHAL EAST,147000000.0,tapirgao,False,45,46995613.0,1000000.0,117.0,0.8444444444444444,0.0,0.4888888888888889,0.2,0.0,10.28888888888889,31.0,2025-07-21,13.0,0.12395061728395063,16.5,Routine,True,0.31969804761904763,0,0.0,
469,467,Tamil Nadu,Shri vijayakumar Vasanth,KANNIYAKUMARI,171500000.0,vijayakumarvasanth,False,11,12806640.0,1000000.0,38.0,0.45454545454545453,0.18181818181818182,0.09090909090909091,0.09090909090909091,0.0,12.272727272727273,41.0,2026-03-03,6.0,0.2231404958677686,20.89,Low,True,0.07467428571428572,0,0.0,
470,468,Maharashtra,Shrikant Eknath Shinde,KALYAN,147000000.0,shrikanteknathshinde,False,0,,,,,,,,,,,,,,,,False,,0,0.0,
471,469,Maharashtra,SHRIMANT CHH UDAYANRAJE PRATAPSINHAMAHARAJ BHONSLE,SATARA,147000000.0,shrimantchhudayanrajepratapsinhamaharajbhonsle,False,50,43198677.0,1000000.0,110.0,1.0,0.62,0.02,0.0,0.0,17.1,31.0,2025-08-18,8.0,0.31520000000000004,21.27,Low,True,0.29386855102040815,0,0.0,
472,470,Goa,Shripad Yesso Naik,NORTH GOA,147000000.0,shripadyessonaik,False,8,3410000.0,130000.0,371.0,1.0,0.0,0.0,0.0,0.0,16.0,16.0,2026-01-16,2.0,0.78125,16.0,Routine,True,0.023197278911564624,0,0.0,
473,471,Maharashtra,Shrirang Appa Barne,MAVAL,147000000.0,shrirangappabarne,False,8,7972256.0,996227.0,187.0,1.0,0.0,0.0,0.0,0.0,16.0,16.0,2025-04-07,1.0,1.0,16.0,Routine,True,0.05423303401360544,0,0.0,
474,472,Maharashtra,Shyamkumar,RAMTEK(SC),147000000.0,shyamkumar,False,0,,,,,,,,,,,,,,,,False,,0,0.0,
475,473,Andhra Pradesh,Sivanath Kesineni,VIJAYAWADA,159864032.49,sivanathkesineni,False,0,,,,,,,,,,,,,,,,False,,0,0.0,
476,474,West Bengal,SK NURUL ISLAM,BASIRHAT,49000000.0,sknurulislam,False,18,35118648.0,1975000.0,235.5,0.8888888888888888,0.3888888888888889,0.2777777777777778,0.4444444444444444,0.0,28.72222222222222,46.0,2026-08-14,4.0,0.3395061728395062,33.91,Low,True,0.7167071020408163,0,0.0,
477,475,Maharashtra,SMITA UDAY WAGH,JALGAON,148107373.11,smitaudaywagh,False,8,12041109.0,1498883.0,162.5,0.875,0.125,0.125,0.25,0.0,14.625,31.0,2025-05-22,4.0,0.34375,19.54,Routine,True,0.08129986203358704,0,0.0,
478,476,Uttar Pradesh,Smt Anupriya Patel,MIRZAPUR,147000000.0,anupriyapatel,False,0,,,,,,,,,,,,,,,,False,,0,0.0,
479,477,Odisha,Smt Aparajita Sarangi,BHUBANESWAR,147420861.41,aparajitasarangi,False,0,,,,,,,,,,,,,,,,False,,0,0.0,
480,478,Uttar Pradesh,Smt Dimple Yadav,MAINPURI,192042469.11,dimpleyadav,False,0,,,,,,,,,,,,,,,,False,,0,0.0,
481,479,Punjab,Smt Harsimrat Kaur Badal,BHATINDA,159775982.39,harsimratkaurbadal,False,42,11239211.0,225000.0,60.0,0.8333333333333334,0.047619047619047616,0.047619047619047616,0.0,0.3333333333333333,12.0,33.0,2025-01-01,16.0,0.1077097505668934,18.3,Routine,True,0.0703435574726495,0,0.0,
482,480,Uttar Pradesh,Smt Hema Malini,MATHURA,147000000.0,hemamalini,False,0,,,,,,,,,,,,,,,,False,,0,0.0,
483,481,Madhya Pradesh,Smt Himadri Singh,SHAHDOL (ST),150724861.11,himadrisingh,False,9,12472040.0,1479000.0,44.0,0.3333333333333333,0.4444444444444444,0.0,0.1111111111111111,0.0,11.444444444444445,46.0,2025-03-19,2.0,0.8024691358024691,21.81,Low,True,0.082747065800232,0,0.0,
484,482,Gujarat,Smt Poonamben Hematbhai Maadam,JAMNAGAR,147000000.0,poonambenhematbhaimaadam,False,1,298400.0,298400.0,91.0,1.0,0.0,0.0,0.0,0.0,6.0,6.0,2025-02-05,1.0,1.0,6.0,Routine,True,0.0020299319727891158,0,0.0,
485,483,Maharashtra,Smt Raksha Nikhil Khadse,RAVER,153112586.11,rakshanikhilkhadse,False,1,2999928.0,2999928.0,0.0,0.0,0.0,0.0,1.0,0.0,33.0,33.0,2024-09-09,1.0,1.0,33.0,Low,True,0.01959295493738689,0,0.0,
486,484,Tamil Nadu,Smt S Jothimani,KARUR,147000000.0,sjothimani,False,6,2102003.0,233130.0,239.0,1.0,0.0,0.16666666666666666,0.0,0.0,16.0,16.0,2026-03-05,4.0,0.2777777777777778,16.0,Routine,True,0.014299340136054422,0,0.0,
487,485,West Bengal,Smt Sajda Ahmed,ULUBERIA,147000000.0,sajdaahmed,False,19,8329608.0,484308.0,115.0,0.7368421052631579,0.05263157894736842,0.0,0.0,0.0,5.7368421052631575,31.0,2025-06-24,8.0,0.20775623268698057,13.32,Routine,True,0.056664,0,0.0,
488,486,Madhya Pradesh,Smt Sandhya Ray,BHIND(SC),147000000.0,sandhyaray,False,0,,,,,,,,,,,,,,,,False,,0,0.0,
489,487,Odisha,Smt Sangeeta Kumari Singh Deo,BOLANGIR,147000000.0,sangeetakumarisinghdeo,False,0,,,,,,,,,,,,,,,,False,,0,0.0,
490,488,West Bengal,Smt Satabdi Roy (Banerjee),BIRBHUM,147000000.0,satabdiroybanerjee,False,16,10940960.0,352701.0,93.0,0.875,0.0625,0.0,0.0625,0.0,9.0,31.0,2025-05-13,7.0,0.234375,15.6,Routine,True,0.07442829931972789,0,0.0,
491,489,Maharashtra,Smt Supriya Sadanand Sule,BARAMATI,147000000.0,supriyasadanandsule,False,0,,,,,,,,,,,,,,,,False,,0,0.0,
492,490,Bihar,Smt Veena Devi,VAISHALI,147000000.0,veenadevi,False,6,30000000.0,5000000.0,9.0,0.0,0.0,0.0,1.0,0.3333333333333333,29.0,37.0,2024-10-15,1.0,1.0,31.4,Low,True,0.20408163265306123,0,0.0,
493,491,Andhra Pradesh,Sribharat MathuKumli,VISAKHAPATNAM,164841922.0,sribharatmathukumli,False,0,,,,,,,,,,,,,,,,False,,0,0.0,
494,492,Bihar,SUDAMA PRASAD,ARRAH,147000000.0,sudamaprasad,False,0,,,,,,,,,,,,,,,,False,,0,0.0,
495,493,Tamil Nadu,SUDHA R,MAYILADUTHURAI,147332315.11,sudhar,False,0,,,,,,,,,,,,,,,,False,,0,0.0,
496,494,Bihar,SUDHAKAR SINGH,BUXAR,185211956.54,sudhakarsingh,False,37,31040805.0,796448.0,129.0,0.972972972972973,0.0,0.0,0.02702702702702703,0.10810810810810811,9.486486486486486,31.0,2025-11-22,10.0,0.18334550766983204,15.94,Routine,True,0.1675961184141811,0,0.0,
497,495,West Bengal,Sudip Bandyopadhyay,KOLKATA UTTAR,147000000.0,sudipbandyopadhyay,False,1,5000000.0,5000000.0,73.0,1.0,1.0,0.0,1.0,0.0,46.0,46.0,2025-01-21,1.0,1.0,46.0,Medium,True,0.034013605442176874,0,0.0,
498,496,Odisha,SUKANTA KUMAR PANIGRAHI,KANDHAMAL,190712424.11,sukantakumarpanigrahi,False,0,,,,,,,,,,,,,,,,False,,0,0.0,
499,497,Jharkhand,SUKHDEO BHAGAT,LOHARDAGA(ST),171821957.11,sukhdeobhagat,False,0,,,,,,,,,,,,,,,,False,,0,0.0,
500,498,Punjab,SUKHJINDER SINGH RANDHAWA,GURDASPUR,147000000.0,sukhjindersinghrandhawa,False,0,,,,,,,,,,,,,,,,False,,0,0.0,
501,499,Karnataka,SUNIL BOSE,CHAMARAJANAGAR(SC),147000000.0,sunilbose,False,0,,,,,,,,,,,,,,,,False,,0,0.0,
502,500,Maharashtra,Sunil Dattatray Tatkare,RAIGAD,147000000.0,sunildattatraytatkare,False,0,,,,,,,,,,,,,,,,False,,0,0.0,
503,501,Bihar,Sunil Kumar,VALMIKI NAGAR,147000000.0,sunilkumar,False,0,,,,,,,,,,,,,,,,False,,0,0.0,
504,502,Bihar,SURENDRA PRASAD YADAV,JAHANABAD,155325714.0,surendraprasadyadav,False,0,,,,,,,,,,,,,,,,False,,0,0.0,
505,503,Kerala,SURESH GOPI,THRISSUR,147000000.0,sureshgopi,False,0,,,,,,,,,,,,,,,,False,,0,0.0,
506,504,Himachal Pradesh,Suresh Kumar Kashyap,SHIMLA (SC),153563957.11,sureshkumarkashyap,False,30,7450000.0,250000.0,129.5,0.8666666666666667,0.13333333333333333,0.2,0.0,0.1,10.933333333333334,31.0,2025-11-17,10.0,0.24000000000000007,16.95,Routine,True,0.04851398817929301,0,0.0,
507,505,Telangana,SURESH KUMAR SHETKAR,ZAHIRABAD,147000000.0,sureshkumarshetkar,False,0,,,,,,,,,,,,,,,,False,,0,0.0,
508,506,Uttar Pradesh,Swami Sachchidanandhari Sakshi ji Maharaj,UNNAO,147000000.0,swamisachchidanandharisakshijimaharaj,False,9,8776638.0,1066257.0,85.0,1.0,0.0,0.0,0.0,0.2222222222222222,8.666666666666666,18.0,2024-12-05,1.0,1.0,11.47,Routine,True,0.059705020408163265,0,0.0,
509,507,Tamil Nadu,T Sumathy (A) Thamizhachi Thangapandian,CHENNAI SOUTH,147000000.0,tsumathyathamizhachithangapandian,False,4,19108000.0,2754000.0,355.5,1.0,0.0,0.75,0.75,0.0,34.75,41.0,2026-02-19,3.0,0.375,36.62,Low,True,0.12998639455782313,0,0.0,
510,508,Andhra Pradesh,TANGELLA UDAY SRINIVAS,KAKINADA,199417886.76,tangellaudaysrinivas,False,0,,,,,,,,,,,,,,,,False,,0,0.0,
511,509,Uttar Pradesh,TANUJ PUNIA,BARABANKI(SC),148198170.11,tanujpunia,False,0,,,,,,,,,,,,,,,,False,,0,0.0,
512,510,Bihar,TARIQ ANWAR,KATIHAR,147000000.0,tariqanwar,False,16,15915840.0,994740.0,323.0,1.0,0.0,0.0,0.0,0.9375,39.4375,41.0,2026-01-09,1.0,1.0,39.91,Low,True,0.10827102040816326,0,0.0,
513,511,Tamil Nadu,Thalikkottai Rajuthevar Baalu,SRIPERUMBUDUR,196905535.11,thalikkottairajuthevarbaalu,False,8,21045561.0,2024976.0,138.0,1.0,0.0,0.0,0.5,0.625,29.5,49.0,2026-06-22,4.0,0.3125,35.35,Low,True,0.1068815104067188,0,0.0,
514,512,Tamil Nadu,THANGA TAMILSELVAN,THENI,167755939.81,thangatamilselvan,False,0,,,,,,,,,,,,,,,,False,,0,0.0,
515,513,Tamil Nadu,THARANIVENTHAN M S,ARANI,168337124.35,tharaniventhanms,False,68,39245938.0,499700.5,116.0,0.8235294117647058,0.04411764705882353,0.014705882352941176,0.058823529411764705,0.0,9.426470588235293,41.0,2026-01-30,14.0,0.20977508650519028,18.9,Routine,True,0.23313893564203564,0,0.0,
516,514,Tamil Nadu,Thiru Dayanidhi Maran,CHENNAI CENTRAL,147000000.0,thirudayanidhimaran,False,1,10000000.0,10000000.0,423.0,1.0,0.0,1.0,1.0,0.0,41.0,41.0,2025-12-06,1.0,1.0,41.0,Medium,True,0.06802721088435375,0,0.0,
517,515,Tamil Nadu,Thirumaa Valavan Thol,CHIDAMBARAM(SC),147000000.0,thirumaavalavanthol,False,0,,,,,,,,,,,,,,,,False,,0,0.0,
518,516,Chhattisgarh,TOKHAN SAHU,BILASPUR,147000000.0,tokhansahu,False,28,18483654.0,500000.0,43.5,0.42857142857142855,0.2857142857142857,0.07142857142857142,0.10714285714285714,0.0,10.25,41.0,2025-05-30,7.0,0.2346938775510204,19.47,Routine,True,0.12573914285714285,0,0.0,
519,517,Uttarakhand,TRIVENDRA SINGH RAWAT,HARDWAR,147000000.0,trivendrasinghrawat,False,0,,,,,,,,,,,,,,,,False,,0,0.0,
520,518,Uttar Pradesh,UJJWAL RAMAN SINGH,ALLAHABAD,147000000.0,ujjwalramansingh,False,0,,,,,,,,,,,,,,,,False,,0,0.0,
521,519,Rajasthan,UMMEDA RAM BENIWAL,BARMER,147000000.0,ummedarambeniwal,False,0,,,,,,,,,,,,,,,,False,,0,0.0,
522,520,Uttar Pradesh,UTKARSH VERMA MADHUR,KHERI,147000000.0,utkarshvermamadhur,False,0,,,,,,,,,,,,,,,,False,,0,0.0,
523,521,Tamil Nadu,V S Matheswaran,NAMAKKAL,162539930.11,vsmatheswaran,False,51,37894284.0,350000.0,29.0,0.37254901960784315,0.0196078431372549,0.0,0.058823529411764705,0.11764705882352941,6.235294117647059,25.0,2026-05-27,9.0,0.38715878508266055,11.86,Routine,True,0.23313830622638254,0,0.0,
524,522,Karnataka,V. SOMANNA,TUMKUR,147000000.0,vsomanna,False,0,,,,,,,,,,,,,,,,False,,0,0.0,
525,523,Puducherry,Vaithilingam Ve,Puducherry,209368972.11,vaithilingamve,False,13,21317559.0,1600000.0,273.0,0.7692307692307693,0.0,0.15384615384615385,0.38461538461538464,0.0,19.615384615384617,41.0,2026-05-21,5.0,0.42011834319526625,26.03,Low,True,0.10181813850048423,0,0.0,
526,524,Telangana,VAMSI KRISHNA GADDAM,PEDDAPALLE,148451721.11,vamsikrishnagaddam,False,0,,,,,,,,,,,,,,,,False,,0,0.0,
527,525,Haryana,VARUN CHAUDHRY,AMBALA (SC),255454264.0,varunchaudhry,False,0,,,,,,,,,,,,,,,,False,,0,0.0,
528,526,Kerala,Vellalath Kochukrishnan Nair Sreekandan,PALAKKAD,167807990.11,vellalathkochukrishnannairsreekandan,False,0,,,,,,,,,,,,,,,,False,,0,0.0,
529,527,Chhattisgarh,Vijay Baghel,DURG,147000000.0,vijaybaghel,False,1,1000000.0,1000000.0,3.0,0.0,1.0,0.0,1.0,0.0,40.0,40.0,2024-08-23,1.0,1.0,40.0,Medium,True,0.006802721088435374,0,0.0,
530,528,Uttar Pradesh,Vijay Kumar Dubey,KUSHI NAGAR,148900000.0,vijaykumardubey,False,102,41291929.0,236234.0,199.0,0.9901960784313726,0.049019607843137254,0.0,0.0,0.0,13.245098039215685,21.0,2026-08-19,9.0,0.5209534794309882,15.57,Routine,True,0.27731315648085963,0,0.0,
531,529,Jharkhand,Vijay Kumar Hansdak,RAJMAHAL(ST),147223957.11,vijaykumarhansdak,False,0,,,,,,,,,,,,,,,,False,,0,0.0,
532,530,Bihar,VIJAYLAKSHMI DEVI,SIWAN,147000000.0,vijaylakshmidevi,False,33,32846242.0,958500.0,191.0,0.9696969696969697,0.0,0.0,0.0,1.0,23.575757575757574,28.0,2025-05-20,3.0,0.47291092745638197,24.9,Low,True,0.2234438231292517,0,0.0,
533,531,Gujarat,Vinod Chavda,KACHCHH(SC),147000000.0,vinodchavda,False,5,2461849.0,500000.0,175.0,1.0,0.0,0.0,0.0,0.4,11.6,16.0,2025-03-27,1.0,1.0,12.92,Routine,True,0.01674727210884354,0,0.0,
534,532,Uttar Pradesh,VINOD KUMAR BIND,BHADOHI,147000000.0,vinodkumarbind,False,320,38089866.0,118971.0,73.0,1.0,0.0,0.0,0.0,0.00625,6.15625,31.0,2025-01-22,1.0,1.0,13.61,Routine,True,0.2591147346938775,0,0.0,
535,533,Madhya Pradesh,Virendra Kumar,TIKAMGARH(SC),147000000.0,virendrakumar,False,45,44949039.0,1200000.0,136.0,1.0,0.7555555555555555,0.0,0.022222222222222223,0.6222222222222222,27.133333333333333,43.0,2026-01-08,4.0,0.8330864197530864,31.89,Low,True,0.3057757755102041,0,0.0,
536,534,Uttar Pradesh,VIRENDRA SINGH,CHANDAULI,147000000.0,virendrasingh,False,0,,,,,,,,,,,,,,,,False,,0,0.0,
537,535,Maharashtra,VISHAL,SANGLI,147000000.0,vishal,False,0,,,,,,,,,,,,,,,,False,,0,0.0,
538,536,Jharkhand,Vishnu Dayal Ram,PALAMU(SC),158176083.11,vishnudayalram,False,0,,,,,,,,,,,,,,,,False,,0,0.0,
539,537,Madhya Pradesh,Vishnu Dutt Sharma,KHAJURAHO,147000000.0,vishnuduttsharma,False,0,,,,,,,,,,,,,,,,False,,0,0.0,
540,538,Karnataka,VISHWESHWAR HEGDE KAGERI,UTTARA KANNADA,147000000.0,vishweshwarhegdekageri,False,7,5700000.0,800000.0,363.0,1.0,0.0,0.7142857142857143,0.0,0.0,11.714285714285714,16.0,2026-05-21,3.0,0.3877551020408163,13.0,Routine,True,0.03877551020408163,0,0.0,
541,539,Bihar,VIVEK THAKUR,NAWADA,147000000.0,vivekthakur,False,0,,,,,,,,,,,,,,,,False,,0,0.0,
542,540,Andhra Pradesh,Y S Avinash Reddy,KADAPA,156430260.11,ysavinashreddy,False,52,23925651.0,491150.5,90.5,0.8653846153846154,0.46153846153846156,0.019230769230769232,0.019230769230769232,0.09615384615384616,15.173076923076923,31.0,2026-08-31,15.0,0.19970414201183426,19.92,Routine,True,0.15294771601847207,0,0.0,
543,541,Karnataka,YADUVEER KRISHNADATTA CHAMARAJA WADIYAR,MYSORE,147000000.0,yaduveerkrishnadattachamarajawadiyar,False,0,,,,,,,,,,,,,,,,False,,0,0.0,
544,542,Delhi,Yogendra Chandoliya,NORTH WEST DELHI(SC),147876307.0,yogendrachandoliya,False,0,,,,,,,,,,,,,,,,False,,0,0.0,
545,543,Uttar Pradesh,ZIA UR REHMAN,SAMBHAL,147000000.0,ziaurrehman,False,0,,,,,,,,,,,,,,,,False,,0,0.0,
