{"type":"FeatureCollection","features":[{"type":"Feature","properties":{"state":"Andaman and Nicobar"},"geometry":{"type":"MultiPolygon","coordinates":[[[[93.85,7.24],[93.88,7.21],[93.89,7.16],[93.89,7.1],[93.91,7.05],[93.94,7.02],[93.91,6.99],[93.94,6.96],[93.91,6.93],[93.9,6.87],[93.9,6.81],[93.85,6.82],[93.84,6.76],[93.81,6.79],[93.79,6.84],[93.77,6.88],[93.74,6.92],[93.73,6.98],[93.7,7.01],[93.67,7.04],[93.66,7.09],[93.67,7.14],[93.68,7.19],[93.74,7.2],[93.79,7.21],[93.83,7.24],[93.85,7.24]]],[[[93.71,7.44],[93.73,7.4],[93.76,7.37],[93.74,7.33],[93.71,7.3],[93.67,7.27],[93.63,7.29],[93.63,7.36],[93.67,7.38],[93.71,7.41],[93.71,7.44]]],[[[93.38,8.02],[93.4,7.98],[93.44,7.95],[93.47,7.92],[93.46,7.87],[93.43,7.91],[93.39,7.89],[93.34,7.91],[93.32,7.95],[93.33,8.0],[93.37,8.02],[93.38,8.02]]],[[[93.55,8.03],[93.58,8.0],[93.58,7.93],[93.54,7.96],[93.51,7.99],[93.54,8.02],[93.55,8.03]]],[[[93.53,8.23],[93.54,8.18],[93.51,8.15],[93.53,8.1],[93.55,8.05],[93.51,8.02],[93.53,8.07],[93.49,8.05],[93.47,8.1],[93.46,8.15],[93.48,8.19],[93.51,8.23],[93.53,8.23]]],[[[93.13,8.36],[93.13,8.29],[93.15,8.25],[93.19,8.22],[93.13,8.22],[93.1,8.25],[93.08,8.3],[93.1,8.35],[93.13,8.36]]],[[[92.79,9.24],[92.82,9.2],[92.83,9.15],[92.8,9.12],[92.74,9.13],[92.72,9.18],[92.75,9.21],[92.78,9.24],[92.79,9.24]]],[[[92.52,10.9],[92.55,10.87],[92.56,10.82],[92.59,10.79],[92.58,10.74],[92.6,10.69],[92.57,10.65],[92.54,10.61],[92.57,10.57],[92.54,10.53],[92.5,10.51],[92.46,10.53],[92.39,10.53],[92.4,10.58],[92.42,10.63],[92.39,10.67],[92.38,10.72],[92.38,10.79],[92.42,10.81],[92.45,10.84],[92.48,10.87],[92.51,10.9],[92.52,10.9]]],[[[92.64,11.51],[92.67,11.48],[92.69,11.43],[92.66,11.4],[92.69,11.37],[92.64,11.35],[92.58,11.36],[92.61,11.4],[92.62,11.45],[92.63,11.51],[92.64,11.51]]],[[[92.97,12.03],[93.01,12.01],[93.03,11.96],[93.05,11.91],[93.0,11.93],[92.97,11.96],[92.94,11.99],[92.96,12.04],[92.97,12.03]]],[[[93.03,12.16],[93.03,12.1],[93.05,12.05],[93.01,12.08],[92.98,12.11],[92.96,12.15],[93.0,12.13],[93.03,12.17],[93.03,12.16]]],[[[92.7,12.24],[92.71,12.18],[92.76,12.17],[92.74,12.13],[92.74,12.07],[92.78,12.05],[92.74,12.03],[92.77,12.0],[92.72,11.98],[92.71,11.93],[92.73,11.89],[92.72,11.84],[92.69,11.81],[92.72,11.84],[92.73,11.89],[92.76,11.93],[92.79,11.9],[92.78,11.85],[92.77,11.8],[92.76,11.74],[92.74,11.7],[92.7,11.67],[92.67,11.64],[92.72,11.66],[92.75,11.63],[92.74,11.58],[92.72,11.53],[92.71,11.48],[92.67,11.51],[92.64,11.54],[92.62,11.59],[92.65,11.63],[92.6,11.64],[92.59,11.7],[92.55,11.72],[92.56,11.77],[92.55,11.82],[92.52,11.85],[92.53,11.9],[92.56,11.93],[92.59,11.9],[92.61,11.95],[92.61,12.01],[92.62,12.06],[92.63,12.12],[92.64,12.17],[92.66,12.22],[92.7,12.24]]],[[[92.78,12.31],[92.84,12.3],[92.89,12.28],[92.86,12.25],[92.87,12.2],[92.85,12.16],[92.81,12.13],[92.79,12.08],[92.74,12.09],[92.75,12.14],[92.77,12.19],[92.75,12.24],[92.78,12.28],[92.78,12.31]]],[[[92.9,12.92],[92.93,12.89],[92.95,12.84],[92.94,12.79],[92.96,12.74],[92.97,12.69],[92.96,12.64],[92.96,12.58],[92.98,12.54],[92.97,12.49],[92.94,12.46],[92.92,12.41],[92.89,12.44],[92.85,12.46],[92.89,12.44],[92.85,12.42],[92.8,12.44],[92.83,12.41],[92.86,12.37],[92.89,12.34],[92.86,12.31],[92.8,12.31],[92.74,12.3],[92.71,12.33],[92.7,12.39],[92.71,12.45],[92.7,12.51],[92.7,12.57],[92.69,12.62],[92.73,12.64],[92.76,12.67],[92.79,12.63],[92.79,12.7],[92.76,12.67],[92.73,12.7],[92.73,12.76],[92.72,12.81],[92.75,12.84],[92.78,12.81],[92.77,12.86],[92.8,12.89],[92.86,12.88],[92.9,12.9],[92.9,12.92]]],[[[92.7,12.99],[92.72,12.94],[92.71,12.88],[92.69,12.83],[92.67,12.78],[92.66,12.83],[92.63,12.88],[92.67,12.9],[92.68,12.95],[92.7,12.99]]],[[[93.03,13.57],[93.04,13.52],[93.03,13.47],[93.04,13.42],[93.03,13.37],[93.08,13.35],[93.07,13.3],[93.04,13.34],[92.99,13.35],[92.96,13.32],[93.01,13.31],[93.04,13.28],[93.06,13.23],[93.03,13.19],[93.04,13.14],[93.03,13.09],[93.01,13.04],[92.97,13.02],[92.93,13.05],[92.9,13.02],[92.93,12.99],[92.91,12.95],[92.88,12.98],[92.86,12.93],[92.87,12.88],[92.83,12.9],[92.8,12.93],[92.79,12.99],[92.79,13.05],[92.81,13.1],[92.84,13.13],[92.81,13.16],[92.83,13.21],[92.85,13.26],[92.82,13.29],[92.83,13.34],[92.86,13.38],[92.87,13.43],[92.89,13.48],[92.93,13.5],[92.96,13.54],[92.99,13.57],[93.03,13.57]]]]}},{"type":"Feature","properties":{"state":"Andhra Pradesh"},"geometry":{"type":"MultiPolygon","coordinates":[[[[82.33,16.72],[82.32,16.66],[82.31,16.6],[82.28,16.64],[82.26,16.69],[82.32,16.7],[82.33,16.72]]],[[[82.3,16.71],[82.24,16.72],[82.21,16.75],[82.23,16.7],[82.26,16.66],[82.29,16.62],[82.26,16.59],[82.29,16.56],[82.24,16.55],[82.2,16.52],[82.16,16.5],[82.11,16.48],[82.07,16.46],[82.02,16.44],[81.98,16.41],[81.94,16.39],[81.88,16.38],[81.83,16.36],[81.78,16.34],[81.74,16.32],[81.68,16.33],[81.63,16.34],[81.57,16.34],[81.52,16.36],[81.46,16.35],[81.4,16.34],[81.36,16.36],[81.33,16.32],[81.29,16.29],[81.25,16.26],[81.22,16.22],[81.21,16.17],[81.19,16.12],[81.17,16.07],[81.14,16.03],[81.15,15.98],[81.12,15.95],[81.08,15.93],[81.05,15.89],[81.02,15.86],[80.99,15.82],[81.01,15.78],[80.99,15.74],[80.94,15.72],[80.88,15.71],[80.82,15.71],[80.79,15.75],[80.8,15.81],[80.78,15.86],[80.74,15.88],[80.67,15.88],[80.61,15.87],[80.55,15.86],[80.5,15.84],[80.46,15.82],[80.41,15.8],[80.38,15.77],[80.34,15.74],[80.31,15.71],[80.28,15.68],[80.25,15.64],[80.24,15.59],[80.22,15.54],[80.2,15.49],[80.18,15.44],[80.15,15.41],[80.13,15.37],[80.1,15.33],[80.09,15.27],[80.09,15.2],[80.07,15.16],[80.05,15.11],[80.05,15.04],[80.06,14.99],[80.07,14.93],[80.08,14.88],[80.09,14.83],[80.1,14.77],[80.12,14.73],[80.15,14.7],[80.16,14.64],[80.18,14.6],[80.19,14.54],[80.18,14.48],[80.17,14.43],[80.17,14.37],[80.16,14.32],[80.14,14.27],[80.13,14.22],[80.13,14.16],[80.13,14.1],[80.14,14.05],[80.16,14.0],[80.18,13.96],[80.2,13.91],[80.22,13.86],[80.25,13.82],[80.25,13.76],[80.24,13.71],[80.23,13.65],[80.25,13.6],[80.27,13.55],[80.29,13.51],[80.31,13.46],[80.28,13.49],[80.27,13.54],[80.24,13.58],[80.22,13.63],[80.19,13.66],[80.16,13.69],[80.13,13.73],[80.14,13.68],[80.14,13.62],[80.11,13.65],[80.11,13.71],[80.1,13.66],[80.07,13.63],[80.05,13.58],[80.08,13.55],[80.11,13.52],[80.15,13.5],[80.21,13.49],[80.25,13.47],[80.28,13.44],[80.31,13.41],[80.26,13.43],[80.24,13.47],[80.18,13.48],[80.13,13.5],[80.09,13.53],[80.03,13.52],[80.0,13.48],[79.96,13.45],[79.93,13.4],[79.93,13.34],[79.89,13.32],[79.85,13.3],[79.79,13.29],[79.74,13.28],[79.78,13.23],[79.75,13.2],[79.69,13.21],[79.68,13.27],[79.63,13.26],[79.57,13.25],[79.54,13.29],[79.5,13.31],[79.43,13.32],[79.37,13.3],[79.43,13.28],[79.41,13.24],[79.45,13.22],[79.42,13.19],[79.37,13.17],[79.35,13.13],[79.31,13.1],[79.27,13.12],[79.22,13.14],[79.21,13.09],[79.17,13.05],[79.14,13.01],[79.08,13.01],[79.05,13.04],[79.0,13.06],[78.94,13.07],[78.89,13.04],[78.93,13.02],[78.88,13.03],[78.88,13.09],[78.83,13.07],[78.78,13.05],[78.7,13.06],[78.69,13.0],[78.63,12.99],[78.64,12.94],[78.62,12.89],[78.6,12.85],[78.59,12.79],[78.57,12.75],[78.55,12.7],[78.5,12.72],[78.49,12.67],[78.46,12.64],[78.42,12.61],[78.36,12.62],[78.32,12.64],[78.28,12.67],[78.24,12.69],[78.22,12.75],[78.24,12.8],[78.25,12.85],[78.31,12.86],[78.34,12.91],[78.4,12.9],[78.45,12.87],[78.43,12.92],[78.42,12.97],[78.45,13.0],[78.48,13.04],[78.51,13.08],[78.54,13.13],[78.57,13.17],[78.56,13.23],[78.56,13.3],[78.53,13.27],[78.48,13.29],[78.43,13.31],[78.38,13.32],[78.36,13.37],[78.37,13.42],[78.37,13.48],[78.39,13.53],[78.38,13.58],[78.32,13.58],[78.25,13.57],[78.19,13.56],[78.17,13.62],[78.13,13.65],[78.07,13.66],[78.11,13.68],[78.09,13.73],[78.12,13.78],[78.11,13.84],[78.07,13.87],[78.02,13.85],[77.97,13.83],[77.94,13.87],[77.98,13.89],[77.97,13.95],[77.94,13.92],[77.86,13.93],[77.81,13.91],[77.83,13.86],[77.78,13.84],[77.75,13.81],[77.71,13.79],[77.7,13.73],[77.66,13.75],[77.6,13.74],[77.55,13.72],[77.52,13.69],[77.45,13.68],[77.46,13.74],[77.46,13.8],[77.42,13.83],[77.36,13.85],[77.33,13.82],[77.3,13.85],[77.24,13.86],[77.18,13.87],[77.17,13.92],[77.16,13.87],[77.13,13.84],[77.16,13.81],[77.17,13.76],[77.11,13.75],[77.05,13.74],[77.02,13.77],[76.99,13.74],[76.98,13.8],[77.01,13.85],[77.03,13.9],[77.01,13.95],[76.99,13.99],[76.94,14.01],[76.97,14.05],[76.95,14.1],[76.92,14.13],[76.89,14.16],[76.94,14.18],[77.01,14.17],[77.02,14.11],[77.03,14.05],[77.09,14.04],[77.13,14.01],[77.19,14.0],[77.26,14.02],[77.32,14.01],[77.35,13.98],[77.34,13.91],[77.39,13.88],[77.43,13.9],[77.41,13.94],[77.38,13.97],[77.36,14.02],[77.33,14.05],[77.37,14.07],[77.4,14.1],[77.35,14.11],[77.38,14.14],[77.41,14.17],[77.49,14.15],[77.5,14.2],[77.5,14.26],[77.44,14.28],[77.41,14.33],[77.38,14.3],[77.4,14.26],[77.42,14.21],[77.38,14.19],[77.36,14.24],[77.32,14.27],[77.28,14.3],[77.22,14.31],[77.17,14.33],[77.13,14.31],[77.11,14.26],[77.1,14.21],[77.05,14.24],[76.99,14.24],[76.93,14.25],[76.95,14.3],[76.91,14.32],[76.88,14.35],[76.9,14.39],[76.94,14.43],[76.97,14.47],[76.91,14.48],[76.85,14.5],[76.8,14.53],[76.78,14.58],[76.77,14.66],[76.79,14.71],[76.78,14.77],[76.83,14.79],[76.85,14.84],[76.86,14.89],[76.87,14.94],[76.82,14.95],[76.77,14.97],[76.78,15.02],[76.77,15.07],[76.83,15.07],[76.87,15.04],[76.93,15.03],[76.98,15.01],[77.04,15.03],[77.08,15.0],[77.11,15.03],[77.13,15.09],[77.15,15.13],[77.16,15.19],[77.12,15.22],[77.15,15.25],[77.12,15.29],[77.1,15.33],[77.04,15.35],[77.03,15.4],[77.01,15.45],[76.98,15.48],[77.03,15.5],[77.02,15.58],[77.03,15.63],[77.08,15.65],[77.12,15.63],[77.1,15.68],[77.06,15.72],[77.07,15.8],[77.03,15.83],[77.05,15.88],[77.08,15.91],[77.12,15.93],[77.17,15.95],[77.23,15.95],[77.29,15.95],[77.35,15.94],[77.41,15.94],[77.47,15.93],[77.52,15.96],[77.5,16.01],[77.49,16.08],[77.49,16.15],[77.49,16.21],[77.5,16.26],[77.54,16.28],[77.59,16.3],[77.57,16.34],[77.52,16.37],[77.46,16.38],[77.41,16.36],[77.35,16.38],[77.29,16.4],[77.26,16.43],[77.24,16.47],[77.3,16.48],[77.36,16.48],[77.39,16.51],[77.4,16.56],[77.46,16.58],[77.47,16.64],[77.42,16.66],[77.47,16.68],[77.44,16.71],[77.44,16.78],[77.46,16.84],[77.45,16.91],[77.47,16.96],[77.49,17.01],[77.48,17.07],[77.45,17.11],[77.4,17.13],[77.36,17.16],[77.39,17.19],[77.41,17.24],[77.44,17.27],[77.45,17.33],[77.48,17.37],[77.53,17.4],[77.56,17.44],[77.61,17.46],[77.65,17.5],[77.68,17.47],[77.66,17.51],[77.61,17.53],[77.56,17.55],[77.5,17.54],[77.47,17.57],[77.44,17.6],[77.45,17.65],[77.47,17.7],[77.51,17.72],[77.56,17.75],[77.53,17.78],[77.54,17.83],[77.57,17.87],[77.59,17.91],[77.62,17.94],[77.65,17.98],[77.62,18.01],[77.57,18.03],[77.58,18.08],[77.59,18.13],[77.57,18.18],[77.58,18.23],[77.6,18.28],[77.57,18.32],[77.52,18.35],[77.54,18.39],[77.53,18.44],[77.59,18.45],[77.55,18.47],[77.6,18.49],[77.6,18.55],[77.65,18.54],[77.71,18.55],[77.75,18.59],[77.73,18.64],[77.75,18.69],[77.8,18.72],[77.82,18.77],[77.84,18.81],[77.91,18.83],[77.89,18.89],[77.84,18.91],[77.81,18.95],[77.78,18.98],[77.76,19.03],[77.8,19.06],[77.83,19.09],[77.84,19.14],[77.85,19.2],[77.87,19.24],[77.91,19.27],[77.86,19.29],[77.89,19.32],[77.94,19.34],[77.98,19.32],[78.03,19.28],[78.06,19.24],[78.13,19.25],[78.18,19.24],[78.19,19.3],[78.18,19.36],[78.2,19.41],[78.25,19.43],[78.29,19.45],[78.3,19.51],[78.28,19.56],[78.31,19.59],[78.29,19.64],[78.32,19.69],[78.35,19.73],[78.37,19.78],[78.34,19.82],[78.3,19.85],[78.31,19.91],[78.34,19.88],[78.39,19.86],[78.43,19.82],[78.49,19.8],[78.53,19.82],[78.59,19.82],[78.64,19.8],[78.7,19.79],[78.76,19.78],[78.81,19.76],[78.86,19.73],[78.86,19.66],[78.92,19.67],[78.97,19.65],[78.98,19.59],[78.95,19.56],[79.01,19.54],[79.07,19.53],[79.11,19.51],[79.16,19.49],[79.22,19.46],[79.23,19.52],[79.25,19.58],[79.29,19.6],[79.33,19.57],[79.39,19.55],[79.44,19.53],[79.47,19.5],[79.51,19.52],[79.54,19.55],[79.57,19.51],[79.61,19.54],[79.64,19.58],[79.7,19.58],[79.75,19.6],[79.79,19.58],[79.82,19.54],[79.86,19.52],[79.9,19.5],[79.93,19.47],[79.96,19.43],[79.97,19.38],[79.96,19.33],[79.93,19.26],[79.92,19.2],[79.91,19.14],[79.86,19.12],[79.86,19.06],[79.92,19.05],[79.93,19.0],[79.94,18.94],[79.94,18.88],[79.9,18.83],[79.93,18.78],[79.99,18.77],[80.03,18.75],[80.06,18.72],[80.1,18.68],[80.15,18.69],[80.21,18.7],[80.26,18.71],[80.3,18.68],[80.32,18.62],[80.35,18.59],[80.4,18.61],[80.45,18.63],[80.51,18.62],[80.54,18.58],[80.6,18.55],[80.63,18.52],[80.65,18.48],[80.68,18.45],[80.71,18.41],[80.72,18.36],[80.75,18.31],[80.77,18.26],[80.73,18.22],[80.75,18.16],[80.81,18.18],[80.83,18.23],[80.87,18.21],[80.85,18.17],[80.88,18.13],[80.93,18.15],[80.95,18.1],[80.97,18.04],[80.98,17.96],[81.0,17.9],[81.01,17.82],[81.04,17.79],[81.09,17.81],[81.16,17.85],[81.21,17.83],[81.25,17.81],[81.32,17.81],[81.38,17.8],[81.42,17.82],[81.48,17.8],[81.55,17.82],[81.61,17.82],[81.65,17.85],[81.69,17.88],[81.76,17.89],[81.79,17.92],[81.83,17.95],[81.89,17.97],[81.95,17.99],[81.99,18.02],[82.02,18.06],[82.08,18.06],[82.13,18.04],[82.18,18.02],[82.22,17.99],[82.27,18.01],[82.28,18.06],[82.33,18.04],[82.34,18.09],[82.33,18.14],[82.31,18.19],[82.33,18.24],[82.37,18.27],[82.35,18.31],[82.37,18.35],[82.36,18.41],[82.4,18.45],[82.43,18.48],[82.47,18.54],[82.5,18.5],[82.53,18.47],[82.55,18.42],[82.58,18.38],[82.61,18.34],[82.58,18.31],[82.59,18.26],[82.63,18.23],[82.65,18.27],[82.69,18.3],[82.73,18.32],[82.78,18.35],[82.79,18.4],[82.82,18.44],[82.86,18.41],[82.89,18.37],[82.93,18.35],[82.98,18.37],[83.04,18.37],[83.06,18.42],[83.02,18.44],[83.05,18.48],[83.08,18.53],[83.03,18.55],[83.05,18.6],[83.01,18.63],[83.05,18.66],[83.08,18.71],[83.12,18.75],[83.18,18.75],[83.24,18.76],[83.28,18.79],[83.34,18.79],[83.37,18.82],[83.4,18.85],[83.37,18.89],[83.35,18.93],[83.32,18.96],[83.33,19.01],[83.37,18.99],[83.43,18.96],[83.46,19.0],[83.46,19.07],[83.51,19.06],[83.49,19.02],[83.54,19.03],[83.58,19.06],[83.6,19.11],[83.62,19.15],[83.65,19.11],[83.67,19.06],[83.7,19.02],[83.73,18.98],[83.74,18.92],[83.78,18.9],[83.75,18.94],[83.76,18.99],[83.81,18.97],[83.82,18.91],[83.84,18.87],[83.87,18.82],[83.93,18.81],[83.99,18.8],[84.04,18.79],[84.07,18.75],[84.13,18.75],[84.16,18.78],[84.22,18.79],[84.26,18.77],[84.32,18.79],[84.35,18.83],[84.37,18.87],[84.41,18.9],[84.42,18.95],[84.43,19.0],[84.49,19.02],[84.53,19.04],[84.57,19.07],[84.58,19.02],[84.61,19.05],[84.66,19.07],[84.61,19.09],[84.64,19.12],[84.67,19.16],[84.7,19.13],[84.73,19.09],[84.76,19.06],[84.73,19.02],[84.7,18.99],[84.66,18.97],[84.64,18.92],[84.61,18.89],[84.58,18.86],[84.56,18.81],[84.53,18.77],[84.5,18.74],[84.46,18.71],[84.44,18.66],[84.41,18.63],[84.37,18.6],[84.35,18.56],[84.32,18.52],[84.28,18.49],[84.24,18.47],[84.21,18.43],[84.17,18.4],[84.14,18.36],[84.13,18.31],[84.09,18.28],[84.05,18.26],[84.0,18.24],[83.96,18.22],[83.91,18.2],[83.86,18.18],[83.82,18.16],[83.77,18.14],[83.72,18.12],[83.69,18.09],[83.65,18.06],[83.61,18.04],[83.57,18.02],[83.55,17.97],[83.51,17.94],[83.47,17.92],[83.44,17.88],[83.41,17.84],[83.39,17.79],[83.35,17.76],[83.33,17.71],[83.28,17.69],[83.26,17.64],[83.23,17.61],[83.2,17.58],[83.16,17.56],[83.11,17.54],[83.07,17.52],[83.02,17.5],[82.99,17.47],[82.94,17.45],[82.89,17.43],[82.85,17.41],[82.8,17.39],[82.75,17.37],[82.71,17.35],[82.67,17.32],[82.63,17.3],[82.58,17.28],[82.55,17.25],[82.51,17.22],[82.47,17.2],[82.43,17.17],[82.4,17.14],[82.37,17.11],[82.34,17.08],[82.31,17.04],[82.28,17.0],[82.27,16.95],[82.25,16.9],[82.29,16.87],[82.34,16.85],[82.36,16.9],[82.36,16.96],[82.32,16.99],[82.36,16.97],[82.37,16.92],[82.36,16.87],[82.35,16.82],[82.34,16.76],[82.31,16.73],[82.3,16.71]]]]}},{"type":"Feature","properties":{"state":"Arunachal Pradesh"},"geometry":{"type":"MultiPolygon","coordinates":[[[[96.16,29.38],[96.19,29.34],[96.2,29.29],[96.23,29.24],[96.29,29.24],[96.35,29.27],[96.39,29.25],[96.36,29.2],[96.31,29.17],[96.26,29.15],[96.22,29.13],[96.19,29.09],[96.12,29.08],[96.16,29.04],[96.18,29.0],[96.16,28.96],[96.17,28.91],[96.23,28.93],[96.26,28.96],[96.29,29.0],[96.34,29.02],[96.4,29.04],[96.46,29.05],[96.5,29.07],[96.49,29.02],[96.5,28.96],[96.54,28.93],[96.55,28.87],[96.58,28.83],[96.61,28.79],[96.6,28.74],[96.56,28.71],[96.5,28.69],[96.49,28.64],[96.46,28.61],[96.41,28.59],[96.37,28.56],[96.33,28.54],[96.37,28.5],[96.34,28.47],[96.3,28.44],[96.26,28.41],[96.32,28.39],[96.38,28.36],[96.43,28.37],[96.45,28.42],[96.51,28.42],[96.56,28.45],[96.62,28.46],[96.68,28.46],[96.72,28.43],[96.76,28.4],[96.8,28.37],[96.86,28.38],[96.92,28.36],[96.96,28.33],[97.02,28.33],[97.05,28.36],[97.11,28.36],[97.15,28.33],[97.19,28.29],[97.25,28.28],[97.31,28.26],[97.35,28.23],[97.39,28.21],[97.35,28.18],[97.32,28.15],[97.31,28.09],[97.36,28.07],[97.39,28.04],[97.38,27.99],[97.39,27.93],[97.36,27.89],[97.32,27.91],[97.25,27.9],[97.21,27.87],[97.17,27.84],[97.13,27.81],[97.1,27.77],[97.05,27.75],[97.01,27.72],[96.98,27.68],[96.94,27.66],[96.91,27.63],[96.92,27.56],[96.93,27.51],[96.91,27.47],[96.94,27.43],[96.97,27.4],[97.0,27.36],[97.04,27.31],[97.07,27.27],[97.1,27.24],[97.12,27.2],[97.16,27.16],[97.15,27.1],[97.11,27.12],[97.05,27.12],[97.01,27.15],[96.97,27.17],[96.9,27.18],[96.86,27.21],[96.89,27.25],[96.86,27.28],[96.82,27.32],[96.79,27.36],[96.73,27.37],[96.67,27.37],[96.61,27.37],[96.58,27.33],[96.54,27.3],[96.49,27.31],[96.42,27.31],[96.36,27.3],[96.3,27.3],[96.25,27.28],[96.19,27.26],[96.11,27.23],[96.07,27.21],[96.03,27.18],[96.0,27.14],[95.97,27.1],[95.94,27.06],[95.9,27.03],[95.84,27.02],[95.78,26.99],[95.76,26.94],[95.74,26.89],[95.68,26.9],[95.64,26.88],[95.62,26.83],[95.56,26.84],[95.52,26.82],[95.5,26.77],[95.46,26.75],[95.43,26.7],[95.38,26.69],[95.32,26.67],[95.26,26.68],[95.23,26.72],[95.23,26.78],[95.2,26.82],[95.21,26.88],[95.23,26.92],[95.21,26.96],[95.2,27.02],[95.23,27.05],[95.29,27.07],[95.34,27.1],[95.4,27.11],[95.45,27.13],[95.47,27.19],[95.49,27.25],[95.53,27.27],[95.58,27.25],[95.64,27.24],[95.68,27.26],[95.74,27.27],[95.79,27.29],[95.86,27.29],[95.9,27.26],[95.94,27.31],[95.98,27.33],[96.01,27.36],[95.99,27.41],[95.96,27.44],[95.91,27.42],[95.85,27.43],[95.87,27.47],[95.88,27.53],[95.85,27.57],[95.82,27.6],[95.8,27.65],[95.77,27.7],[95.79,27.74],[95.81,27.79],[95.84,27.82],[95.89,27.86],[95.92,27.89],[95.95,27.92],[95.98,27.97],[95.83,27.98],[95.61,27.96],[95.57,27.94],[95.54,27.9],[95.38,27.84],[95.32,27.87],[95.24,27.85],[95.19,27.83],[95.05,27.79],[94.99,27.77],[94.93,27.76],[94.88,27.74],[94.84,27.7],[94.78,27.68],[94.74,27.66],[94.68,27.65],[94.64,27.63],[94.58,27.62],[94.53,27.6],[94.49,27.58],[94.43,27.6],[94.38,27.59],[94.32,27.59],[94.26,27.61],[94.21,27.6],[94.24,27.57],[94.26,27.53],[94.22,27.51],[94.17,27.48],[94.14,27.45],[94.1,27.41],[94.07,27.38],[94.03,27.35],[93.99,27.32],[93.96,27.29],[93.92,27.26],[93.89,27.23],[93.86,27.19],[93.82,27.16],[93.83,27.11],[93.82,27.06],[93.77,27.04],[93.72,27.02],[93.68,26.97],[93.62,26.96],[93.57,26.95],[93.49,26.94],[93.44,26.96],[93.37,26.96],[93.27,26.96],[93.18,26.94],[93.11,26.93],[93.04,26.92],[92.99,26.93],[92.93,26.96],[92.9,27.0],[92.84,27.01],[92.79,27.03],[92.73,27.03],[92.66,27.04],[92.59,26.96],[92.53,26.96],[92.47,26.96],[92.41,26.94],[92.35,26.94],[92.3,26.92],[92.21,26.9],[92.15,26.89],[92.11,26.91],[92.12,26.96],[92.1,27.01],[92.07,27.05],[92.03,27.08],[92.04,27.14],[92.06,27.19],[92.05,27.25],[92.08,27.28],[92.06,27.33],[92.05,27.38],[92.04,27.44],[92.02,27.48],[91.97,27.46],[91.91,27.47],[91.85,27.48],[91.79,27.47],[91.73,27.47],[91.7,27.5],[91.65,27.48],[91.62,27.51],[91.58,27.56],[91.57,27.61],[91.59,27.67],[91.62,27.71],[91.64,27.76],[91.62,27.81],[91.57,27.82],[91.54,27.86],[91.61,27.85],[91.67,27.86],[91.7,27.82],[91.75,27.8],[91.81,27.8],[91.85,27.77],[91.87,27.73],[91.93,27.72],[91.97,27.75],[92.04,27.76],[92.1,27.79],[92.14,27.82],[92.19,27.85],[92.25,27.86],[92.28,27.83],[92.31,27.78],[92.37,27.79],[92.4,27.82],[92.45,27.8],[92.49,27.84],[92.53,27.82],[92.58,27.84],[92.61,27.88],[92.67,27.9],[92.7,27.93],[92.73,27.97],[92.72,28.02],[92.68,28.06],[92.68,28.12],[92.74,28.15],[92.78,28.18],[92.84,28.18],[92.9,28.2],[92.93,28.24],[92.99,28.25],[93.03,28.27],[93.06,28.31],[93.12,28.33],[93.18,28.32],[93.22,28.36],[93.23,28.41],[93.19,28.43],[93.22,28.47],[93.26,28.5],[93.29,28.54],[93.3,28.6],[93.34,28.64],[93.4,28.65],[93.45,28.68],[93.51,28.68],[93.56,28.66],[93.62,28.66],[93.69,28.68],[93.75,28.68],[93.82,28.69],[93.86,28.71],[93.9,28.68],[93.96,28.7],[93.97,28.75],[94.0,28.78],[93.99,28.84],[94.03,28.86],[94.06,28.89],[94.09,28.92],[94.14,28.94],[94.17,28.98],[94.18,29.03],[94.21,29.07],[94.24,29.1],[94.28,29.14],[94.35,29.15],[94.37,29.19],[94.43,29.22],[94.5,29.22],[94.56,29.23],[94.58,29.28],[94.62,29.31],[94.65,29.34],[94.69,29.31],[94.73,29.29],[94.77,29.25],[94.8,29.22],[94.81,29.17],[94.87,29.18],[94.92,29.16],[94.98,29.15],[95.03,29.13],[95.0,29.16],[95.07,29.15],[95.11,29.13],[95.15,29.11],[95.22,29.11],[95.25,29.08],[95.29,29.06],[95.35,29.05],[95.4,29.04],[95.46,29.05],[95.49,29.09],[95.5,29.14],[95.55,29.16],[95.56,29.22],[95.59,29.25],[95.65,29.26],[95.69,29.29],[95.74,29.32],[95.77,29.35],[95.83,29.36],[95.88,29.39],[95.94,29.38],[95.98,29.4],[96.03,29.43],[96.06,29.46],[96.11,29.43],[96.15,29.4],[96.16,29.38]]]]}},{"type":"Feature","properties":{"state":"Assam"},"geometry":{"type":"MultiPolygon","coordinates":[[[[95.95,27.94],[95.92,27.9],[95.89,27.86],[95.85,27.83],[95.81,27.79],[95.79,27.74],[95.77,27.7],[95.79,27.66],[95.81,27.61],[95.84,27.57],[95.88,27.53],[95.88,27.47],[95.85,27.43],[95.89,27.41],[95.92,27.44],[95.97,27.42],[96.0,27.39],[95.98,27.34],[95.94,27.31],[95.9,27.28],[95.85,27.29],[95.78,27.28],[95.73,27.26],[95.64,27.24],[95.58,27.24],[95.53,27.27],[95.49,27.25],[95.46,27.21],[95.47,27.16],[95.44,27.13],[95.39,27.11],[95.32,27.09],[95.28,27.06],[95.24,27.03],[95.15,27.01],[95.12,26.98],[95.09,26.95],[95.03,26.93],[94.97,26.93],[94.92,26.95],[94.88,26.93],[94.85,26.89],[94.82,26.85],[94.79,26.8],[94.76,26.77],[94.71,26.75],[94.66,26.72],[94.61,26.74],[94.57,26.7],[94.51,26.68],[94.46,26.67],[94.43,26.63],[94.41,26.58],[94.39,26.53],[94.35,26.51],[94.32,26.48],[94.29,26.52],[94.24,26.51],[94.21,26.48],[94.18,26.43],[94.17,26.38],[94.14,26.34],[94.1,26.32],[94.08,26.27],[94.04,26.24],[94.02,26.19],[94.0,26.14],[93.99,26.09],[93.97,26.04],[93.96,25.98],[93.98,25.93],[93.95,25.9],[93.91,25.88],[93.87,25.85],[93.82,25.83],[93.78,25.86],[93.8,25.91],[93.78,25.96],[93.74,25.93],[93.69,25.91],[93.71,25.85],[93.67,25.82],[93.63,25.8],[93.6,25.77],[93.57,25.74],[93.54,25.7],[93.5,25.66],[93.46,25.64],[93.41,25.62],[93.38,25.58],[93.34,25.55],[93.37,25.51],[93.4,25.46],[93.46,25.44],[93.47,25.39],[93.45,25.34],[93.44,25.29],[93.4,25.26],[93.38,25.22],[93.35,25.18],[93.34,25.12],[93.31,25.08],[93.27,25.05],[93.25,25.0],[93.26,24.95],[93.24,24.91],[93.22,24.86],[93.19,24.83],[93.16,24.79],[93.12,24.82],[93.1,24.78],[93.09,24.72],[93.1,24.66],[93.08,24.6],[93.07,24.55],[93.04,24.51],[93.04,24.44],[93.02,24.4],[92.96,24.4],[92.9,24.39],[92.85,24.38],[92.82,24.41],[92.79,24.46],[92.77,24.52],[92.74,24.47],[92.72,24.42],[92.7,24.37],[92.66,24.35],[92.62,24.32],[92.61,24.26],[92.55,24.25],[92.53,24.18],[92.49,24.16],[92.43,24.17],[92.42,24.22],[92.38,24.25],[92.31,24.25],[92.24,24.25],[92.26,24.36],[92.26,24.42],[92.24,24.46],[92.23,24.52],[92.24,24.58],[92.25,24.63],[92.26,24.68],[92.29,24.72],[92.29,24.78],[92.28,24.83],[92.24,24.85],[92.25,24.91],[92.31,24.91],[92.34,24.88],[92.39,24.86],[92.45,24.86],[92.5,24.88],[92.49,24.93],[92.45,24.96],[92.42,25.0],[92.45,25.04],[92.48,25.08],[92.51,25.11],[92.54,25.14],[92.6,25.12],[92.64,25.15],[92.67,25.18],[92.72,25.2],[92.78,25.2],[92.76,25.25],[92.79,25.28],[92.78,25.33],[92.75,25.36],[92.71,25.38],[92.67,25.42],[92.61,25.42],[92.6,25.47],[92.62,25.52],[92.65,25.56],[92.59,25.55],[92.56,25.59],[92.53,25.62],[92.49,25.64],[92.46,25.68],[92.43,25.73],[92.38,25.74],[92.32,25.72],[92.26,25.71],[92.21,25.7],[92.17,25.67],[92.15,25.72],[92.15,25.78],[92.17,25.83],[92.19,25.88],[92.23,25.9],[92.19,25.92],[92.17,25.97],[92.22,26.0],[92.26,26.03],[92.3,26.08],[92.25,26.06],[92.19,26.07],[92.14,26.05],[92.08,26.04],[92.02,26.04],[91.96,26.02],[91.9,26.03],[91.88,26.08],[91.83,26.12],[91.79,26.09],[91.73,26.06],[91.72,26.0],[91.71,25.95],[91.68,25.91],[91.63,25.93],[91.62,25.99],[91.59,26.03],[91.55,25.99],[91.52,25.95],[91.5,25.9],[91.47,25.86],[91.41,25.85],[91.35,25.84],[91.31,25.8],[91.28,25.76],[91.23,25.73],[91.19,25.76],[91.19,25.83],[91.13,25.84],[91.07,25.83],[91.01,25.82],[91.03,25.87],[90.98,25.89],[90.96,25.93],[90.9,25.94],[90.84,25.94],[90.78,25.92],[90.74,25.94],[90.67,25.93],[90.63,25.91],[90.6,25.95],[90.55,25.93],[90.52,25.9],[90.53,25.95],[90.51,26.0],[90.45,26.0],[90.39,26.01],[90.34,25.99],[90.29,25.96],[90.23,25.96],[90.18,25.94],[90.14,25.96],[90.1,25.94],[90.06,25.91],[90.02,25.89],[90.0,25.84],[89.95,25.82],[89.94,25.76],[89.89,25.74],[89.92,25.7],[89.95,25.66],[89.98,25.63],[90.02,25.6],[89.97,25.57],[89.9,25.56],[89.89,25.61],[89.88,25.66],[89.85,25.69],[89.83,25.74],[89.84,25.79],[89.81,25.82],[89.84,25.85],[89.86,25.9],[89.89,25.93],[89.83,25.94],[89.87,25.97],[89.85,26.01],[89.82,25.98],[89.81,26.04],[89.8,26.09],[89.76,26.12],[89.74,26.16],[89.69,26.19],[89.73,26.21],[89.72,26.26],[89.76,26.29],[89.78,26.34],[89.81,26.37],[89.85,26.4],[89.87,26.45],[89.85,26.49],[89.86,26.54],[89.87,26.59],[89.86,26.64],[89.86,26.71],[89.92,26.72],[89.98,26.73],[90.05,26.73],[90.11,26.75],[90.17,26.77],[90.19,26.83],[90.23,26.86],[90.29,26.85],[90.34,26.87],[90.38,26.9],[90.44,26.88],[90.48,26.85],[90.53,26.82],[90.58,26.8],[90.64,26.79],[90.69,26.77],[90.75,26.77],[90.82,26.78],[90.9,26.78],[90.97,26.79],[91.03,26.78],[91.08,26.8],[91.14,26.81],[91.2,26.81],[91.26,26.8],[91.31,26.78],[91.37,26.8],[91.4,26.84],[91.45,26.81],[91.51,26.79],[91.59,26.8],[91.65,26.82],[91.71,26.81],[91.76,26.83],[91.81,26.86],[91.85,26.91],[91.9,26.92],[91.94,26.89],[91.98,26.86],[92.05,26.85],[92.1,26.87],[92.15,26.89],[92.21,26.9],[92.26,26.91],[92.32,26.93],[92.4,26.93],[92.44,26.96],[92.51,26.97],[92.59,26.96],[92.65,26.99],[92.68,27.03],[92.77,27.03],[92.84,27.01],[92.9,27.0],[92.93,26.96],[92.98,26.94],[93.04,26.92],[93.11,26.93],[93.18,26.94],[93.27,26.96],[93.35,26.96],[93.44,26.96],[93.48,26.94],[93.55,26.95],[93.62,26.96],[93.68,26.97],[93.71,27.01],[93.75,27.03],[93.78,27.07],[93.84,27.07],[93.83,27.12],[93.84,27.17],[93.89,27.22],[93.92,27.26],[93.96,27.29],[93.99,27.32],[94.03,27.35],[94.07,27.38],[94.1,27.41],[94.14,27.45],[94.17,27.48],[94.22,27.5],[94.26,27.52],[94.24,27.57],[94.21,27.6],[94.25,27.64],[94.28,27.6],[94.34,27.58],[94.4,27.59],[94.45,27.57],[94.51,27.58],[94.56,27.6],[94.61,27.62],[94.65,27.64],[94.69,27.67],[94.76,27.67],[94.8,27.7],[94.85,27.73],[94.93,27.76],[94.99,27.77],[95.04,27.78],[95.19,27.83],[95.24,27.85],[95.29,27.86],[95.38,27.84],[95.52,27.88],[95.57,27.92],[95.61,27.96],[95.83,27.98],[95.96,27.97],[95.95,27.94]]]]}},{"type":"Feature","properties":{"state":"Bihar"},"geometry":{"type":"MultiPolygon","coordinates":[[[[84.12,27.51],[84.15,27.48],[84.21,27.47],[84.25,27.45],[84.28,27.41],[84.32,27.38],[84.39,27.37],[84.45,27.37],[84.51,27.36],[84.57,27.35],[84.62,27.34],[84.65,27.31],[84.68,27.24],[84.69,27.18],[84.68,27.12],[84.66,27.08],[84.68,27.03],[84.73,27.01],[84.79,27.01],[84.86,27.01],[84.89,26.98],[84.95,26.96],[84.98,26.93],[85.01,26.89],[85.05,26.85],[85.09,26.87],[85.16,26.87],[85.19,26.84],[85.2,26.79],[85.24,26.76],[85.29,26.75],[85.36,26.76],[85.4,26.78],[85.47,26.79],[85.51,26.82],[85.56,26.84],[85.61,26.86],[85.68,26.84],[85.73,26.81],[85.74,26.74],[85.73,26.68],[85.76,26.64],[85.81,26.62],[85.86,26.6],[85.92,26.61],[85.95,26.64],[86.01,26.66],[86.08,26.65],[86.12,26.63],[86.17,26.61],[86.22,26.59],[86.25,26.62],[86.31,26.62],[86.36,26.6],[86.4,26.58],[86.46,26.57],[86.5,26.54],[86.55,26.52],[86.58,26.49],[86.63,26.47],[86.68,26.45],[86.73,26.43],[86.76,26.46],[86.82,26.44],[86.86,26.46],[86.9,26.48],[86.94,26.52],[87.0,26.52],[87.04,26.56],[87.08,26.52],[87.09,26.45],[87.13,26.42],[87.17,26.4],[87.23,26.41],[87.27,26.37],[87.34,26.35],[87.36,26.4],[87.41,26.42],[87.46,26.44],[87.52,26.43],[87.56,26.41],[87.59,26.38],[87.65,26.39],[87.68,26.42],[87.74,26.41],[87.78,26.43],[87.81,26.46],[87.87,26.45],[87.9,26.48],[87.93,26.45],[87.97,26.4],[88.0,26.36],[88.03,26.39],[88.08,26.42],[88.1,26.47],[88.11,26.52],[88.17,26.52],[88.22,26.54],[88.19,26.5],[88.22,26.47],[88.25,26.43],[88.23,26.38],[88.28,26.36],[88.25,26.33],[88.22,26.29],[88.18,26.26],[88.14,26.24],[88.1,26.21],[88.07,26.18],[88.02,26.16],[87.96,26.15],[87.97,26.09],[87.92,26.07],[87.86,26.06],[87.83,26.0],[87.82,25.95],[87.82,25.88],[87.86,25.86],[87.9,25.84],[87.9,25.77],[87.94,25.74],[87.98,25.72],[88.02,25.69],[88.05,25.66],[88.04,25.6],[88.03,25.55],[88.07,25.52],[88.03,25.49],[87.98,25.51],[87.94,25.53],[87.9,25.5],[87.86,25.48],[87.83,25.45],[87.78,25.43],[87.77,25.38],[87.78,25.33],[87.83,25.3],[87.85,25.25],[87.83,25.2],[87.79,25.23],[87.73,25.25],[87.7,25.28],[87.66,25.31],[87.6,25.31],[87.57,25.34],[87.54,25.3],[87.49,25.31],[87.5,25.26],[87.47,25.23],[87.42,25.21],[87.36,25.21],[87.32,25.19],[87.3,25.14],[87.27,25.09],[87.21,25.09],[87.17,25.06],[87.14,25.02],[87.15,24.97],[87.15,24.9],[87.13,24.86],[87.1,24.83],[87.08,24.78],[87.08,24.72],[87.06,24.67],[87.04,24.62],[86.98,24.62],[86.94,24.64],[86.91,24.6],[86.91,24.54],[86.88,24.57],[86.82,24.57],[86.79,24.61],[86.74,24.6],[86.71,24.57],[86.64,24.58],[86.61,24.61],[86.58,24.57],[86.55,24.54],[86.5,24.5],[86.49,24.45],[86.46,24.41],[86.42,24.38],[86.38,24.41],[86.35,24.44],[86.3,24.46],[86.31,24.51],[86.3,24.56],[86.25,24.59],[86.19,24.59],[86.13,24.6],[86.13,24.67],[86.11,24.72],[86.06,24.75],[86.03,24.78],[86.0,24.75],[85.96,24.73],[85.91,24.75],[85.88,24.8],[85.82,24.81],[85.76,24.82],[85.72,24.8],[85.71,24.75],[85.69,24.7],[85.66,24.66],[85.67,24.6],[85.63,24.58],[85.58,24.6],[85.55,24.56],[85.52,24.52],[85.49,24.55],[85.43,24.54],[85.38,24.53],[85.32,24.53],[85.28,24.5],[85.24,24.48],[85.18,24.47],[85.16,24.43],[85.11,24.4],[85.08,24.44],[85.02,24.42],[84.97,24.38],[84.91,24.38],[84.88,24.42],[84.85,24.47],[84.82,24.52],[84.76,24.5],[84.72,24.47],[84.67,24.44],[84.66,24.39],[84.6,24.4],[84.55,24.37],[84.52,24.33],[84.49,24.29],[84.46,24.32],[84.42,24.36],[84.38,24.39],[84.33,24.41],[84.29,24.45],[84.32,24.49],[84.3,24.55],[84.25,24.53],[84.21,24.55],[84.18,24.51],[84.14,24.53],[84.11,24.48],[84.09,24.53],[84.07,24.57],[84.04,24.61],[84.0,24.64],[83.97,24.6],[83.94,24.56],[83.88,24.54],[83.82,24.53],[83.75,24.51],[83.68,24.52],[83.6,24.51],[83.54,24.53],[83.49,24.54],[83.52,24.57],[83.53,24.62],[83.5,24.66],[83.49,24.71],[83.44,24.74],[83.41,24.78],[83.39,24.83],[83.36,24.87],[83.36,24.94],[83.35,24.99],[83.32,25.02],[83.33,25.07],[83.36,25.12],[83.35,25.17],[83.38,25.21],[83.41,25.25],[83.47,25.26],[83.51,25.29],[83.54,25.32],[83.6,25.33],[83.64,25.35],[83.68,25.37],[83.72,25.4],[83.78,25.4],[83.82,25.44],[83.85,25.48],[83.87,25.52],[83.91,25.55],[83.96,25.58],[84.0,25.61],[84.06,25.63],[84.07,25.7],[84.11,25.72],[84.17,25.72],[84.2,25.67],[84.27,25.66],[84.32,25.68],[84.33,25.74],[84.39,25.74],[84.42,25.7],[84.49,25.69],[84.53,25.72],[84.6,25.74],[84.62,25.79],[84.59,25.82],[84.55,25.84],[84.51,25.87],[84.46,25.89],[84.41,25.92],[84.37,25.95],[84.31,25.95],[84.26,25.97],[84.22,25.99],[84.17,26.03],[84.13,26.06],[84.09,26.1],[84.04,26.12],[84.02,26.17],[84.01,26.23],[84.07,26.22],[84.11,26.24],[84.15,26.26],[84.18,26.31],[84.17,26.36],[84.13,26.38],[84.07,26.38],[84.03,26.41],[84.0,26.44],[83.94,26.44],[83.9,26.47],[83.93,26.52],[83.99,26.53],[84.04,26.54],[84.07,26.58],[84.08,26.63],[84.14,26.64],[84.18,26.62],[84.24,26.61],[84.29,26.6],[84.35,26.62],[84.41,26.63],[84.37,26.68],[84.32,26.69],[84.3,26.75],[84.25,26.73],[84.22,26.76],[84.25,26.8],[84.24,26.86],[84.18,26.85],[84.13,26.86],[84.1,26.9],[84.04,26.91],[84.05,26.97],[84.04,27.03],[83.99,27.06],[84.02,27.09],[83.95,27.09],[83.96,27.15],[83.99,27.18],[83.96,27.21],[83.91,27.25],[83.92,27.3],[83.87,27.32],[83.89,27.37],[83.87,27.43],[83.93,27.45],[83.99,27.44],[84.05,27.44],[84.08,27.48],[84.11,27.52],[84.12,27.51]]]]}},{"type":"Feature","properties":{"state":"Chandigarh"},"geometry":{"type":"MultiPolygon","coordinates":[[[[76.82,30.69],[76.75,30.69],[76.72,30.73],[76.69,30.76],[76.73,30.78],[76.79,30.78],[76.82,30.74],[76.82,30.69]]]]}},{"type":"Feature","properties":{"state":"Chhattisgarh"},"geometry":{"type":"MultiPolygon","coordinates":[[[[83.33,24.1],[83.39,24.09],[83.43,24.07],[83.47,24.04],[83.51,24.02],[83.52,23.95],[83.54,23.91],[83.58,23.88],[83.63,23.85],[83.67,23.83],[83.71,23.79],[83.73,23.75],[83.72,23.7],[83.75,23.65],[83.77,23.6],[83.81,23.58],[83.88,23.57],[83.94,23.56],[83.94,23.62],[84.01,23.63],[84.02,23.57],[84.01,23.51],[83.98,23.48],[83.98,23.41],[83.97,23.36],[84.02,23.38],[84.06,23.34],[84.06,23.27],[84.05,23.22],[84.03,23.17],[84.05,23.12],[84.1,23.1],[84.13,23.07],[84.14,23.01],[84.15,22.96],[84.17,23.01],[84.21,22.98],[84.27,22.99],[84.31,22.97],[84.37,22.98],[84.39,22.92],[84.38,22.87],[84.32,22.85],[84.3,22.8],[84.27,22.77],[84.23,22.74],[84.22,22.67],[84.16,22.65],[84.1,22.63],[84.05,22.6],[84.01,22.57],[84.0,22.52],[84.02,22.47],[84.04,22.43],[84.01,22.4],[83.97,22.36],[83.91,22.35],[83.85,22.34],[83.82,22.31],[83.78,22.27],[83.75,22.24],[83.69,22.25],[83.66,22.22],[83.61,22.18],[83.57,22.11],[83.6,22.07],[83.54,22.06],[83.55,22.0],[83.56,21.94],[83.6,21.91],[83.57,21.88],[83.54,21.83],[83.52,21.79],[83.48,21.76],[83.47,21.71],[83.42,21.69],[83.47,21.64],[83.41,21.64],[83.38,21.61],[83.37,21.55],[83.35,21.51],[83.35,21.44],[83.38,21.41],[83.4,21.37],[83.37,21.34],[83.33,21.36],[83.28,21.38],[83.25,21.33],[83.27,21.28],[83.22,21.26],[83.21,21.2],[83.19,21.14],[83.14,21.11],[83.08,21.11],[83.03,21.13],[82.99,21.15],[82.96,21.18],[82.91,21.16],[82.85,21.16],[82.79,21.15],[82.74,21.16],[82.66,21.15],[82.64,21.1],[82.61,21.07],[82.6,21.01],[82.57,20.97],[82.54,20.93],[82.5,20.91],[82.48,20.86],[82.46,20.82],[82.41,20.84],[82.38,20.87],[82.33,20.84],[82.34,20.79],[82.35,20.73],[82.36,20.67],[82.37,20.62],[82.34,20.59],[82.32,20.55],[82.35,20.52],[82.38,20.48],[82.42,20.46],[82.41,20.4],[82.39,20.34],[82.42,20.31],[82.41,20.26],[82.41,20.2],[82.38,20.16],[82.39,20.11],[82.4,20.05],[82.46,20.03],[82.5,20.01],[82.58,20.0],[82.64,20.0],[82.7,19.99],[82.71,19.93],[82.72,19.87],[82.69,19.83],[82.64,19.81],[82.6,19.78],[82.57,19.82],[82.6,19.86],[82.54,19.87],[82.5,19.89],[82.44,19.9],[82.39,19.88],[82.34,19.83],[82.3,19.88],[82.27,19.95],[82.23,20.0],[82.19,19.98],[82.13,20.01],[82.08,20.03],[82.02,20.01],[81.99,20.05],[81.96,20.09],[81.91,20.07],[81.88,20.04],[81.85,20.0],[81.85,19.92],[81.9,19.88],[81.96,19.85],[81.98,19.8],[82.04,19.79],[82.04,19.72],[82.05,19.66],[82.04,19.6],[82.04,19.54],[82.02,19.5],[82.07,19.52],[82.1,19.49],[82.11,19.44],[82.17,19.43],[82.15,19.37],[82.18,19.33],[82.16,19.28],[82.15,19.22],[82.17,19.17],[82.16,19.11],[82.2,19.09],[82.22,19.02],[82.24,18.91],[82.18,18.9],[82.16,18.86],[82.15,18.8],[82.13,18.76],[82.08,18.73],[82.02,18.71],[81.97,18.69],[81.95,18.64],[81.89,18.65],[81.93,18.6],[81.91,18.56],[81.88,18.52],[81.85,18.49],[81.8,18.44],[81.77,18.41],[81.75,18.36],[81.7,18.34],[81.65,18.32],[81.61,18.3],[81.57,18.28],[81.52,18.25],[81.51,18.19],[81.51,18.13],[81.5,18.07],[81.47,18.03],[81.48,17.97],[81.45,17.93],[81.44,17.88],[81.39,17.86],[81.38,17.81],[81.32,17.81],[81.25,17.81],[81.21,17.83],[81.16,17.85],[81.11,17.82],[81.08,17.79],[81.01,17.82],[81.0,17.9],[80.98,17.95],[80.97,18.0],[80.96,18.05],[80.95,18.12],[80.97,18.17],[80.91,18.14],[80.85,18.17],[80.87,18.21],[80.83,18.23],[80.81,18.18],[80.76,18.16],[80.73,18.19],[80.76,18.23],[80.79,18.26],[80.75,18.29],[80.73,18.34],[80.72,18.39],[80.69,18.42],[80.66,18.47],[80.63,18.5],[80.6,18.54],[80.56,18.57],[80.52,18.6],[80.48,18.63],[80.42,18.61],[80.38,18.59],[80.32,18.62],[80.3,18.68],[80.27,18.71],[80.24,18.75],[80.28,18.77],[80.32,18.8],[80.34,18.85],[80.31,18.89],[80.27,18.92],[80.27,18.99],[80.3,19.03],[80.32,19.08],[80.32,19.14],[80.36,19.17],[80.38,19.22],[80.41,19.25],[80.45,19.27],[80.47,19.32],[80.51,19.34],[80.56,19.4],[80.59,19.35],[80.62,19.3],[80.66,19.33],[80.68,19.29],[80.75,19.29],[80.78,19.32],[80.83,19.35],[80.81,19.4],[80.84,19.44],[80.89,19.46],[80.88,19.52],[80.84,19.55],[80.77,19.57],[80.72,19.61],[80.66,19.61],[80.67,19.67],[80.64,19.71],[80.59,19.73],[80.55,19.76],[80.54,19.82],[80.49,19.83],[80.48,19.77],[80.44,19.79],[80.4,19.82],[80.46,19.83],[80.49,19.87],[80.45,19.9],[80.41,19.93],[80.45,19.95],[80.5,19.92],[80.53,19.97],[80.54,20.04],[80.53,20.09],[80.5,20.13],[80.44,20.13],[80.39,20.15],[80.41,20.2],[80.38,20.24],[80.44,20.26],[80.51,20.27],[80.54,20.3],[80.61,20.32],[80.6,20.37],[80.6,20.44],[80.61,20.49],[80.61,20.55],[80.62,20.6],[80.57,20.61],[80.52,20.58],[80.48,20.61],[80.51,20.65],[80.57,20.67],[80.55,20.75],[80.55,20.82],[80.55,20.89],[80.51,20.93],[80.46,20.94],[80.44,20.99],[80.45,21.04],[80.44,21.09],[80.45,21.14],[80.48,21.17],[80.52,21.2],[80.57,21.22],[80.61,21.24],[80.64,21.27],[80.67,21.3],[80.68,21.36],[80.7,21.41],[80.73,21.46],[80.72,21.51],[80.71,21.56],[80.72,21.61],[80.71,21.66],[80.73,21.7],[80.74,21.76],[80.78,21.74],[80.81,21.77],[80.83,21.82],[80.84,21.87],[80.82,21.91],[80.83,21.96],[80.86,22.0],[80.88,22.05],[80.9,22.1],[80.95,22.12],[80.96,22.06],[81.0,22.08],[80.97,22.11],[81.01,22.13],[81.02,22.19],[81.04,22.24],[81.09,22.27],[81.12,22.3],[81.11,22.35],[81.1,22.41],[81.12,22.45],[81.16,22.48],[81.2,22.46],[81.26,22.47],[81.32,22.49],[81.36,22.51],[81.38,22.46],[81.42,22.48],[81.48,22.49],[81.51,22.52],[81.56,22.54],[81.62,22.54],[81.65,22.57],[81.66,22.63],[81.7,22.65],[81.76,22.66],[81.75,22.72],[81.78,22.76],[81.77,22.81],[81.77,22.87],[81.83,22.88],[81.86,22.92],[81.91,22.94],[81.94,22.98],[81.92,23.04],[81.95,23.08],[82.01,23.08],[82.06,23.12],[82.12,23.1],[82.15,23.14],[82.14,23.19],[82.15,23.25],[82.18,23.28],[82.16,23.33],[82.13,23.36],[82.1,23.39],[82.04,23.38],[82.02,23.42],[81.97,23.44],[81.95,23.5],[81.92,23.53],[81.87,23.51],[81.81,23.52],[81.76,23.55],[81.71,23.54],[81.65,23.53],[81.63,23.49],[81.61,23.54],[81.57,23.57],[81.6,23.6],[81.61,23.66],[81.65,23.68],[81.68,23.71],[81.67,23.76],[81.64,23.8],[81.61,23.84],[81.6,23.89],[81.64,23.91],[81.68,23.89],[81.72,23.86],[81.75,23.83],[81.79,23.81],[81.85,23.82],[81.89,23.84],[81.92,23.87],[81.98,23.86],[82.04,23.84],[82.09,23.82],[82.16,23.82],[82.2,23.85],[82.23,23.81],[82.3,23.81],[82.36,23.81],[82.42,23.81],[82.48,23.8],[82.54,23.79],[82.58,23.82],[82.63,23.84],[82.66,23.87],[82.68,23.91],[82.74,23.92],[82.79,23.95],[82.86,23.94],[82.89,23.9],[82.93,23.88],[83.02,23.88],[83.09,23.88],[83.14,23.9],[83.18,23.92],[83.21,23.96],[83.23,24.0],[83.28,24.02],[83.29,24.07],[83.32,24.11],[83.33,24.1]]]]}},{"type":"Feature","properties":{"state":"Dadra and Nagar Haveli"},"geometry":{"type":"MultiPolygon","coordinates":[[[[72.99,20.29],[73.02,20.32],[73.05,20.29],[73.08,20.33],[73.11,20.36],[73.12,20.31],[73.18,20.31],[73.14,20.28],[73.11,20.24],[73.07,20.22],[73.08,20.16],[73.14,20.17],[73.18,20.21],[73.23,20.19],[73.2,20.16],[73.22,20.11],[73.2,20.06],[73.14,20.08],[73.08,20.1],[73.05,20.07],[73.02,20.1],[72.98,20.13],[72.98,20.19],[72.97,20.24],[72.92,20.27],[72.98,20.27],[72.99,20.29]]]]}},{"type":"Feature","properties":{"state":"Daman and Diu"},"geometry":{"type":"MultiPolygon","coordinates":[[[[70.77,20.96],[70.83,20.97],[70.89,20.95],[70.9,20.9],[70.85,20.86],[70.89,20.83],[70.86,20.79],[70.85,20.74],[70.87,20.7],[70.82,20.69],[70.78,20.72],[70.72,20.73],[70.68,20.76],[70.68,20.83],[70.7,20.9],[70.73,20.96],[70.77,20.96]]]]}},{"type":"Feature","properties":{"state":"Delhi"},"geometry":{"type":"MultiPolygon","coordinates":[[[[77.22,28.84],[77.19,28.8],[77.23,28.77],[77.26,28.74],[77.3,28.71],[77.33,28.68],[77.34,28.62],[77.29,28.58],[77.32,28.54],[77.3,28.49],[77.24,28.48],[77.22,28.42],[77.15,28.42],[77.11,28.45],[77.1,28.5],[77.05,28.52],[77.0,28.54],[76.94,28.51],[76.88,28.51],[76.84,28.56],[76.88,28.64],[76.93,28.63],[76.95,28.68],[76.95,28.75],[76.94,28.8],[76.98,28.84],[77.04,28.85],[77.08,28.88],[77.14,28.86],[77.2,28.86],[77.22,28.84]]]]}},{"type":"Feature","properties":{"state":"Goa"},"geometry":{"type":"MultiPolygon","coordinates":[[[[73.88,15.78],[73.91,15.74],[73.95,15.72],[73.97,15.67],[73.99,15.62],[74.03,15.6],[74.07,15.63],[74.12,15.65],[74.18,15.67],[74.23,15.65],[74.26,15.62],[74.25,15.57],[74.28,15.54],[74.26,15.49],[74.28,15.44],[74.29,15.38],[74.33,15.35],[74.34,15.3],[74.3,15.28],[74.26,15.25],[74.31,15.22],[74.31,15.16],[74.29,15.11],[74.3,15.04],[74.27,15.0],[74.24,14.96],[74.21,14.92],[74.17,14.95],[74.14,14.92],[74.1,14.9],[74.05,14.92],[74.04,14.98],[74.01,15.01],[73.99,15.05],[73.95,15.08],[73.92,15.11],[73.95,15.14],[73.94,15.19],[73.92,15.24],[73.91,15.29],[73.89,15.34],[73.86,15.37],[73.81,15.39],[73.87,15.4],[73.86,15.45],[73.8,15.45],[73.77,15.49],[73.75,15.54],[73.74,15.59],[73.72,15.64],[73.7,15.69],[73.73,15.72],[73.79,15.72],[73.84,15.75],[73.87,15.8],[73.88,15.78]]]]}},{"type":"Feature","properties":{"state":"Gujarat"},"geometry":{"type":"MultiPolygon","coordinates":[[[[68.36,23.81],[68.4,23.79],[68.42,23.74],[68.41,23.69],[68.38,23.65],[68.35,23.61],[68.32,23.58],[68.27,23.6],[68.31,23.63],[68.27,23.61],[68.22,23.59],[68.19,23.62],[68.23,23.64],[68.29,23.65],[68.24,23.64],[68.28,23.66],[68.31,23.69],[68.34,23.73],[68.35,23.79],[68.36,23.81]]],[[[68.4,23.88],[68.43,23.84],[68.41,23.8],[68.38,23.84],[68.4,23.8],[68.35,23.81],[68.37,23.85],[68.4,23.88]]],[[[68.45,23.94],[68.45,23.88],[68.39,23.88],[68.35,23.85],[68.37,23.89],[68.41,23.92],[68.45,23.94]]],[[[68.54,23.95],[68.58,23.92],[68.55,23.88],[68.5,23.86],[68.53,23.89],[68.54,23.95]]],[[[68.48,23.99],[68.5,23.94],[68.48,23.89],[68.45,23.86],[68.46,23.92],[68.44,23.97],[68.48,23.99]]],[[[68.43,24.0],[68.42,23.95],[68.39,23.91],[68.34,23.89],[68.34,23.83],[68.29,23.81],[68.27,23.77],[68.25,23.72],[68.21,23.7],[68.21,23.76],[68.21,23.83],[68.25,23.85],[68.29,23.87],[68.28,23.92],[68.34,23.92],[68.36,23.97],[68.42,23.98],[68.43,24.0]]],[[[72.1,24.64],[72.15,24.63],[72.21,24.61],[72.26,24.62],[72.32,24.61],[72.25,24.58],[72.29,24.56],[72.34,24.54],[72.39,24.5],[72.45,24.5],[72.46,24.44],[72.49,24.41],[72.51,24.45],[72.54,24.5],[72.59,24.47],[72.66,24.46],[72.69,24.42],[72.72,24.38],[72.77,24.36],[72.83,24.36],[72.9,24.35],[72.97,24.35],[72.98,24.41],[73.0,24.47],[73.06,24.47],[73.11,24.45],[73.09,24.4],[73.13,24.37],[73.17,24.35],[73.21,24.38],[73.19,24.33],[73.14,24.31],[73.12,24.26],[73.1,24.22],[73.11,24.16],[73.14,24.13],[73.19,24.11],[73.2,24.06],[73.23,24.02],[73.29,24.03],[73.33,24.06],[73.34,24.12],[73.37,24.09],[73.41,24.05],[73.41,23.99],[73.42,23.94],[73.39,23.91],[73.36,23.86],[73.37,23.81],[73.41,23.78],[73.45,23.75],[73.48,23.72],[73.51,23.68],[73.5,23.63],[73.57,23.65],[73.63,23.64],[73.65,23.6],[73.64,23.55],[73.66,23.5],[73.63,23.45],[73.68,23.46],[73.72,23.42],[73.76,23.45],[73.83,23.45],[73.86,23.4],[73.89,23.36],[73.93,23.34],[73.96,23.38],[73.99,23.34],[74.03,23.32],[74.08,23.3],[74.12,23.28],[74.14,23.23],[74.13,23.18],[74.18,23.15],[74.21,23.19],[74.26,23.17],[74.28,23.12],[74.31,23.08],[74.34,23.04],[74.37,22.99],[74.35,22.95],[74.38,22.91],[74.43,22.92],[74.47,22.89],[74.47,22.83],[74.44,22.79],[74.41,22.74],[74.39,22.69],[74.38,22.64],[74.32,22.64],[74.26,22.63],[74.23,22.59],[74.19,22.57],[74.16,22.54],[74.1,22.54],[74.04,22.53],[74.09,22.51],[74.11,22.46],[74.16,22.44],[74.19,22.48],[74.21,22.43],[74.26,22.42],[74.29,22.39],[74.24,22.38],[74.2,22.34],[74.14,22.33],[74.11,22.37],[74.07,22.35],[74.06,22.29],[74.09,22.25],[74.12,22.22],[74.13,22.16],[74.14,22.1],[74.18,22.08],[74.14,22.05],[74.11,22.02],[74.14,21.99],[74.11,21.94],[74.05,21.92],[74.0,21.9],[73.96,21.88],[73.91,21.85],[73.84,21.84],[73.81,21.81],[73.84,21.77],[73.87,21.73],[73.9,21.7],[73.89,21.65],[73.85,21.63],[73.79,21.62],[73.83,21.57],[73.85,21.52],[73.89,21.5],[73.93,21.52],[73.98,21.54],[74.04,21.55],[74.1,21.56],[74.15,21.55],[74.2,21.53],[74.25,21.55],[74.31,21.56],[74.33,21.51],[74.3,21.48],[74.25,21.46],[74.19,21.46],[74.13,21.46],[74.07,21.48],[74.05,21.43],[73.99,21.4],[73.96,21.36],[73.95,21.3],[73.89,21.26],[73.83,21.27],[73.82,21.22],[73.79,21.18],[73.74,21.17],[73.69,21.15],[73.64,21.13],[73.61,21.16],[73.64,21.12],[73.69,21.1],[73.75,21.11],[73.74,21.06],[73.78,21.03],[73.81,21.0],[73.87,20.99],[73.92,20.96],[73.92,20.9],[73.93,20.85],[73.94,20.79],[73.95,20.74],[73.89,20.73],[73.86,20.69],[73.84,20.64],[73.81,20.6],[73.76,20.58],[73.71,20.57],[73.65,20.58],[73.63,20.62],[73.59,20.65],[73.54,20.67],[73.5,20.65],[73.49,20.71],[73.45,20.68],[73.41,20.66],[73.43,20.62],[73.47,20.59],[73.48,20.54],[73.47,20.49],[73.44,20.45],[73.41,20.41],[73.42,20.36],[73.43,20.31],[73.42,20.26],[73.43,20.21],[73.38,20.2],[73.32,20.2],[73.29,20.16],[73.26,20.13],[73.21,20.12],[73.22,20.17],[73.18,20.2],[73.14,20.17],[73.08,20.16],[73.07,20.22],[73.11,20.24],[73.14,20.27],[73.18,20.29],[73.15,20.32],[73.11,20.3],[73.12,20.35],[73.08,20.33],[73.05,20.29],[73.02,20.32],[72.99,20.29],[72.93,20.28],[72.96,20.24],[72.9,20.22],[72.85,20.21],[72.83,20.16],[72.8,20.13],[72.74,20.14],[72.75,20.19],[72.74,20.24],[72.75,20.29],[72.78,20.33],[72.81,20.36],[72.84,20.4],[72.86,20.46],[72.89,20.5],[72.89,20.57],[72.89,20.64],[72.87,20.69],[72.85,20.73],[72.89,20.75],[72.85,20.77],[72.83,20.82],[72.81,20.87],[72.79,20.92],[72.75,20.94],[72.74,20.99],[72.72,21.04],[72.76,21.06],[72.71,21.07],[72.71,21.14],[72.66,21.12],[72.63,21.08],[72.62,21.14],[72.62,21.21],[72.6,21.25],[72.59,21.31],[72.62,21.34],[72.65,21.37],[72.66,21.43],[72.69,21.46],[72.65,21.43],[72.67,21.48],[72.68,21.53],[72.74,21.54],[72.67,21.54],[72.64,21.5],[72.61,21.53],[72.62,21.59],[72.65,21.62],[72.69,21.65],[72.75,21.64],[72.81,21.65],[72.77,21.67],[72.71,21.68],[72.64,21.68],[72.58,21.67],[72.52,21.68],[72.53,21.73],[72.55,21.78],[72.57,21.83],[72.52,21.85],[72.51,21.91],[72.5,21.96],[72.51,22.01],[72.52,22.07],[72.54,22.11],[72.55,22.17],[72.59,22.2],[72.64,22.22],[72.68,22.2],[72.73,22.18],[72.78,22.2],[72.81,22.24],[72.87,22.23],[72.92,22.25],[72.86,22.24],[72.83,22.28],[72.79,22.25],[72.75,22.23],[72.69,22.24],[72.66,22.27],[72.6,22.28],[72.57,22.25],[72.53,22.28],[72.51,22.23],[72.48,22.2],[72.47,22.25],[72.44,22.28],[72.4,22.31],[72.4,22.37],[72.38,22.33],[72.41,22.29],[72.42,22.24],[72.38,22.22],[72.36,22.27],[72.36,22.2],[72.39,22.16],[72.36,22.19],[72.35,22.14],[72.32,22.17],[72.31,22.11],[72.3,22.06],[72.29,22.0],[72.27,21.96],[72.25,22.01],[72.26,22.06],[72.3,22.09],[72.25,22.07],[72.23,22.02],[72.18,22.04],[72.21,22.0],[72.19,21.95],[72.16,21.98],[72.18,21.94],[72.23,21.92],[72.26,21.89],[72.26,21.83],[72.27,21.77],[72.24,21.8],[72.2,21.83],[72.23,21.79],[72.25,21.74],[72.28,21.7],[72.29,21.65],[72.28,21.6],[72.26,21.55],[72.25,21.5],[72.23,21.45],[72.2,21.41],[72.17,21.38],[72.14,21.34],[72.11,21.31],[72.07,21.29],[72.09,21.25],[72.11,21.2],[72.07,21.18],[72.03,21.15],[72.0,21.18],[71.98,21.13],[71.93,21.11],[71.89,21.09],[71.84,21.07],[71.8,21.05],[71.76,21.02],[71.71,21.01],[71.65,21.0],[71.62,20.97],[71.58,20.95],[71.52,20.95],[71.49,20.91],[71.46,20.88],[71.4,20.87],[71.36,20.85],[71.3,20.84],[71.25,20.82],[71.21,20.8],[71.16,20.78],[71.13,20.75],[71.07,20.74],[71.0,20.74],[70.94,20.74],[70.89,20.71],[70.86,20.75],[70.87,20.8],[70.84,20.84],[70.87,20.87],[70.89,20.93],[70.86,20.96],[70.8,20.96],[70.75,20.99],[70.72,20.94],[70.69,20.88],[70.68,20.82],[70.67,20.76],[70.61,20.77],[70.57,20.79],[70.52,20.81],[70.49,20.84],[70.44,20.86],[70.4,20.89],[70.36,20.91],[70.32,20.93],[70.28,20.96],[70.24,20.99],[70.21,21.02],[70.17,21.05],[70.14,21.09],[70.1,21.11],[70.07,21.14],[70.03,21.17],[70.0,21.21],[69.97,21.25],[69.94,21.28],[69.9,21.31],[69.88,21.35],[69.84,21.38],[69.82,21.42],[69.78,21.45],[69.75,21.48],[69.72,21.52],[69.75,21.56],[69.76,21.61],[69.74,21.65],[69.68,21.64],[69.72,21.61],[69.67,21.63],[69.7,21.59],[69.72,21.54],[69.67,21.56],[69.64,21.59],[69.61,21.63],[69.57,21.65],[69.53,21.68],[69.5,21.71],[69.46,21.74],[69.42,21.77],[69.39,21.8],[69.36,21.84],[69.32,21.86],[69.28,21.89],[69.25,21.92],[69.22,21.96],[69.18,21.99],[69.16,22.03],[69.12,22.06],[69.09,22.09],[69.06,22.12],[69.03,22.16],[69.0,22.19],[68.97,22.23],[68.95,22.28],[68.94,22.33],[68.96,22.38],[68.99,22.41],[69.02,22.44],[69.06,22.47],[69.05,22.42],[69.08,22.39],[69.12,22.41],[69.18,22.42],[69.18,22.36],[69.16,22.32],[69.18,22.28],[69.23,22.26],[69.29,22.27],[69.33,22.3],[69.37,22.32],[69.43,22.32],[69.48,22.34],[69.51,22.37],[69.5,22.42],[69.55,22.4],[69.58,22.36],[69.61,22.33],[69.64,22.36],[69.67,22.39],[69.7,22.42],[69.73,22.46],[69.76,22.43],[69.79,22.4],[69.82,22.44],[69.84,22.48],[69.87,22.45],[69.91,22.48],[69.94,22.51],[69.98,22.54],[70.03,22.56],[70.09,22.55],[70.15,22.55],[70.19,22.58],[70.21,22.63],[70.24,22.66],[70.25,22.71],[70.29,22.74],[70.31,22.79],[70.34,22.82],[70.36,22.87],[70.39,22.91],[70.42,22.94],[70.45,22.98],[70.48,23.02],[70.49,23.08],[70.44,23.06],[70.4,23.03],[70.39,22.97],[70.36,22.93],[70.31,22.95],[70.26,22.97],[70.21,22.98],[70.17,22.95],[70.12,22.97],[70.15,23.01],[70.12,22.98],[70.1,22.94],[70.07,22.91],[70.01,22.9],[69.96,22.89],[69.91,22.87],[69.85,22.87],[69.8,22.85],[69.76,22.82],[69.74,22.78],[69.71,22.75],[69.67,22.78],[69.63,22.8],[69.6,22.76],[69.55,22.78],[69.49,22.79],[69.43,22.8],[69.38,22.81],[69.33,22.83],[69.27,22.83],[69.21,22.84],[69.16,22.86],[69.12,22.89],[69.08,22.91],[69.03,22.93],[68.99,22.95],[68.95,22.98],[68.91,23.0],[68.87,23.03],[68.83,23.05],[68.78,23.07],[68.74,23.09],[68.71,23.12],[68.67,23.15],[68.63,23.17],[68.67,23.15],[68.64,23.18],[68.61,23.21],[68.64,23.25],[68.63,23.3],[68.69,23.3],[68.75,23.3],[68.69,23.31],[68.63,23.32],[68.61,23.37],[68.57,23.39],[68.53,23.42],[68.52,23.47],[68.49,23.5],[68.5,23.55],[68.49,23.6],[68.5,23.65],[68.53,23.68],[68.56,23.71],[68.6,23.74],[68.63,23.77],[68.66,23.8],[68.7,23.82],[68.73,23.85],[68.67,23.86],[68.63,23.84],[68.58,23.82],[68.55,23.79],[68.52,23.82],[68.55,23.85],[68.58,23.89],[68.64,23.9],[68.61,23.93],[68.55,23.93],[68.69,23.96],[68.75,23.96],[68.76,24.04],[68.76,24.1],[68.76,24.19],[68.76,24.28],[68.81,24.3],[68.84,24.25],[68.87,24.21],[68.91,24.24],[68.95,24.28],[68.98,24.23],[69.04,24.24],[69.08,24.27],[69.14,24.25],[69.2,24.24],[69.27,24.26],[69.31,24.28],[69.38,24.27],[69.44,24.27],[69.5,24.26],[69.56,24.26],[69.62,24.26],[69.67,24.22],[69.71,24.19],[69.75,24.17],[69.83,24.17],[69.9,24.17],[69.98,24.17],[70.05,24.18],[70.08,24.22],[70.1,24.27],[70.14,24.3],[70.23,24.32],[70.3,24.34],[70.36,24.35],[70.46,24.39],[70.53,24.41],[70.59,24.41],[70.58,24.35],[70.57,24.3],[70.58,24.24],[70.66,24.23],[70.73,24.22],[70.79,24.22],[70.84,24.24],[70.89,24.26],[70.91,24.31],[70.95,24.34],[71.0,24.36],[71.06,24.35],[71.1,24.39],[71.12,24.43],[71.03,24.43],[71.01,24.49],[71.0,24.54],[71.0,24.6],[71.03,24.64],[71.08,24.66],[71.15,24.66],[71.2,24.64],[71.25,24.62],[71.31,24.62],[71.35,24.65],[71.39,24.62],[71.43,24.64],[71.49,24.67],[71.54,24.68],[71.6,24.66],[71.65,24.65],[71.72,24.65],[71.78,24.67],[71.81,24.63],[71.86,24.61],[71.87,24.67],[71.93,24.66],[71.99,24.65],[72.01,24.69],[72.08,24.7],[72.09,24.65],[72.1,24.64]]]]}},{"type":"Feature","properties":{"state":"Haryana"},"geometry":{"type":"MultiPolygon","coordinates":[[[[76.84,30.88],[76.9,30.9],[76.93,30.85],[76.96,30.81],[77.0,30.79],[77.01,30.74],[77.07,30.75],[77.1,30.72],[77.14,30.7],[77.15,30.65],[77.14,30.58],[77.16,30.53],[77.2,30.51],[77.25,30.48],[77.29,30.46],[77.35,30.45],[77.39,30.43],[77.44,30.45],[77.45,30.4],[77.49,30.43],[77.53,30.41],[77.57,30.38],[77.58,30.33],[77.55,30.29],[77.51,30.24],[77.48,30.2],[77.44,30.17],[77.41,30.14],[77.39,30.09],[77.34,30.07],[77.28,30.05],[77.26,30.0],[77.23,29.97],[77.2,29.93],[77.18,29.88],[77.17,29.83],[77.14,29.79],[77.11,29.75],[77.14,29.72],[77.13,29.67],[77.1,29.64],[77.1,29.58],[77.08,29.53],[77.11,29.5],[77.12,29.45],[77.14,29.39],[77.12,29.34],[77.14,29.29],[77.13,29.23],[77.14,29.18],[77.12,29.11],[77.15,29.08],[77.18,29.04],[77.21,28.99],[77.2,28.92],[77.18,28.87],[77.14,28.84],[77.11,28.87],[77.05,28.87],[77.02,28.84],[76.96,28.83],[76.94,28.78],[76.94,28.72],[76.92,28.67],[76.89,28.63],[76.85,28.59],[76.86,28.54],[76.9,28.52],[76.97,28.53],[77.01,28.51],[77.07,28.52],[77.11,28.49],[77.12,28.44],[77.17,28.41],[77.24,28.43],[77.25,28.49],[77.31,28.49],[77.37,28.48],[77.42,28.46],[77.45,28.42],[77.49,28.38],[77.46,28.34],[77.5,28.31],[77.46,28.28],[77.5,28.26],[77.54,28.24],[77.52,28.2],[77.5,28.15],[77.49,28.1],[77.48,28.04],[77.52,28.01],[77.54,27.97],[77.52,27.93],[77.47,27.91],[77.44,27.88],[77.39,27.86],[77.33,27.85],[77.29,27.82],[77.25,27.8],[77.2,27.82],[77.17,27.78],[77.11,27.79],[77.07,27.81],[77.02,27.79],[77.06,27.76],[77.01,27.74],[76.98,27.69],[76.94,27.67],[76.89,27.69],[76.89,27.76],[76.91,27.81],[76.93,27.86],[76.94,27.92],[76.92,27.97],[76.93,28.03],[76.95,28.08],[76.96,28.14],[76.91,28.17],[76.88,28.21],[76.82,28.21],[76.79,28.16],[76.74,28.13],[76.69,28.11],[76.65,28.08],[76.66,28.02],[76.6,28.01],[76.57,27.98],[76.54,28.02],[76.5,28.04],[76.45,28.06],[76.47,28.11],[76.44,28.15],[76.38,28.14],[76.35,28.17],[76.29,28.18],[76.33,28.14],[76.3,28.11],[76.33,28.08],[76.34,28.03],[76.29,28.05],[76.25,28.07],[76.19,28.06],[76.16,28.0],[76.18,27.96],[76.17,27.91],[76.19,27.86],[76.17,27.81],[76.13,27.83],[76.1,27.86],[76.04,27.85],[75.99,27.86],[75.97,27.92],[75.98,27.98],[75.97,28.03],[76.01,28.05],[75.96,28.08],[75.98,28.13],[76.01,28.16],[76.07,28.17],[76.04,28.21],[76.01,28.25],[75.99,28.3],[75.95,28.33],[75.92,28.36],[75.89,28.39],[75.83,28.41],[75.77,28.41],[75.79,28.45],[75.75,28.47],[75.7,28.5],[75.66,28.52],[75.63,28.55],[75.61,28.61],[75.55,28.64],[75.53,28.72],[75.52,28.77],[75.51,28.84],[75.49,28.9],[75.5,28.95],[75.51,29.0],[75.47,29.02],[75.44,29.05],[75.39,29.07],[75.4,29.13],[75.37,29.17],[75.4,29.21],[75.39,29.26],[75.35,29.23],[75.33,29.28],[75.27,29.25],[75.22,29.23],[75.19,29.26],[75.12,29.24],[75.06,29.24],[75.04,29.29],[74.99,29.27],[74.94,29.3],[74.93,29.36],[74.89,29.39],[74.81,29.4],[74.78,29.36],[74.72,29.36],[74.66,29.37],[74.61,29.33],[74.58,29.38],[74.55,29.42],[74.53,29.47],[74.59,29.47],[74.61,29.52],[74.58,29.55],[74.57,29.61],[74.59,29.68],[74.6,29.74],[74.54,29.75],[74.48,29.74],[74.47,29.79],[74.51,29.83],[74.55,29.86],[74.51,29.9],[74.55,29.93],[74.59,29.91],[74.65,29.9],[74.68,29.95],[74.74,29.97],[74.79,29.99],[74.84,29.96],[74.89,29.94],[74.93,29.92],[74.97,29.89],[75.01,29.87],[75.07,29.88],[75.09,29.84],[75.12,29.81],[75.16,29.78],[75.18,29.83],[75.21,29.79],[75.23,29.75],[75.19,29.73],[75.17,29.67],[75.18,29.62],[75.22,29.59],[75.25,29.55],[75.3,29.57],[75.31,29.63],[75.34,29.66],[75.36,29.71],[75.4,29.75],[75.43,29.78],[75.5,29.78],[75.56,29.77],[75.61,29.75],[75.65,29.77],[75.71,29.81],[75.76,29.82],[75.83,29.81],[75.86,29.75],[75.92,29.73],[75.98,29.74],[76.04,29.75],[76.08,29.79],[76.13,29.81],[76.19,29.83],[76.22,29.86],[76.18,29.89],[76.17,29.94],[76.2,29.98],[76.22,30.03],[76.23,30.08],[76.21,30.12],[76.27,30.12],[76.33,30.11],[76.39,30.13],[76.38,30.18],[76.42,30.2],[76.43,30.15],[76.45,30.1],[76.5,30.08],[76.55,30.1],[76.58,30.07],[76.62,30.09],[76.63,30.16],[76.64,30.21],[76.6,30.24],[76.54,30.23],[76.58,30.27],[76.62,30.29],[76.67,30.31],[76.72,30.33],[76.7,30.38],[76.73,30.41],[76.76,30.44],[76.81,30.41],[76.87,30.4],[76.9,30.36],[76.93,30.39],[76.9,30.42],[76.89,30.48],[76.92,30.51],[76.91,30.56],[76.9,30.62],[76.86,30.64],[76.82,30.66],[76.83,30.71],[76.85,30.79],[76.82,30.84],[76.77,30.87],[76.8,30.92],[76.84,30.88]]]]}},{"type":"Feature","properties":{"state":"Himachal Pradesh"},"geometry":{"type":"MultiPolygon","coordinates":[[[[76.8,33.24],[76.81,33.18],[76.83,33.13],[76.88,33.11],[76.9,33.07],[76.93,33.03],[76.98,33.0],[77.04,33.0],[77.08,32.97],[77.14,32.98],[77.15,32.93],[77.2,32.91],[77.24,32.87],[77.29,32.85],[77.33,32.82],[77.36,32.85],[77.39,32.89],[77.43,32.87],[77.48,32.89],[77.54,32.9],[77.58,32.93],[77.64,32.96],[77.67,32.99],[77.72,32.96],[77.76,32.93],[77.79,32.9],[77.76,32.86],[77.81,32.84],[77.86,32.82],[77.89,32.78],[77.92,32.75],[77.91,32.7],[77.93,32.66],[77.96,32.62],[78.02,32.59],[78.03,32.64],[78.09,32.66],[78.14,32.67],[78.2,32.67],[78.26,32.7],[78.29,32.74],[78.34,32.76],[78.37,32.73],[78.36,32.67],[78.39,32.62],[78.34,32.59],[78.3,32.53],[78.31,32.48],[78.36,32.51],[78.4,32.53],[78.44,32.5],[78.45,32.45],[78.5,32.43],[78.49,32.38],[78.46,32.35],[78.47,32.29],[78.44,32.25],[78.5,32.25],[78.56,32.24],[78.6,32.21],[78.57,32.16],[78.6,32.12],[78.65,32.11],[78.68,32.06],[78.72,32.03],[78.75,32.0],[78.76,31.95],[78.73,31.91],[78.72,31.85],[78.69,31.82],[78.7,31.77],[78.72,31.72],[78.75,31.68],[78.79,31.66],[78.83,31.63],[78.81,31.58],[78.76,31.56],[78.72,31.54],[78.73,31.49],[78.78,31.46],[78.78,31.4],[78.83,31.38],[78.84,31.33],[78.87,31.29],[78.91,31.26],[78.94,31.22],[78.97,31.18],[78.99,31.13],[78.94,31.11],[78.88,31.1],[78.84,31.13],[78.81,31.16],[78.8,31.21],[78.75,31.19],[78.68,31.2],[78.64,31.22],[78.6,31.24],[78.55,31.22],[78.49,31.2],[78.46,31.23],[78.42,31.26],[78.38,31.28],[78.32,31.29],[78.27,31.27],[78.24,31.24],[78.19,31.22],[78.13,31.22],[78.09,31.19],[78.03,31.19],[77.99,31.17],[77.91,31.16],[77.88,31.13],[77.84,31.08],[77.8,31.06],[77.82,31.01],[77.8,30.96],[77.75,30.98],[77.76,30.92],[77.79,30.89],[77.74,30.88],[77.73,30.82],[77.71,30.78],[77.72,30.73],[77.74,30.68],[77.78,30.66],[77.76,30.6],[77.79,30.56],[77.77,30.5],[77.72,30.48],[77.68,30.45],[77.63,30.44],[77.57,30.43],[77.51,30.44],[77.48,30.41],[77.42,30.41],[77.45,30.44],[77.4,30.42],[77.36,30.44],[77.32,30.46],[77.26,30.47],[77.22,30.49],[77.19,30.52],[77.14,30.54],[77.11,30.57],[77.15,30.59],[77.16,30.65],[77.14,30.7],[77.1,30.72],[77.07,30.75],[77.01,30.74],[76.99,30.78],[76.95,30.81],[76.92,30.87],[76.88,30.89],[76.82,30.89],[76.77,30.91],[76.73,30.94],[76.69,30.97],[76.63,30.99],[76.6,31.04],[76.61,31.1],[76.6,31.15],[76.61,31.2],[76.58,31.23],[76.57,31.28],[76.52,31.26],[76.48,31.29],[76.44,31.32],[76.41,31.35],[76.38,31.39],[76.36,31.44],[76.33,31.4],[76.34,31.35],[76.3,31.33],[76.24,31.31],[76.17,31.31],[76.14,31.35],[76.15,31.4],[76.13,31.44],[76.11,31.5],[76.08,31.54],[76.05,31.58],[76.02,31.62],[76.0,31.67],[75.97,31.72],[75.95,31.78],[75.92,31.82],[75.95,31.85],[75.91,31.92],[75.88,31.96],[75.81,31.98],[75.77,32.0],[75.74,32.03],[75.69,32.06],[75.64,32.08],[75.58,32.08],[75.63,32.12],[75.66,32.15],[75.62,32.19],[75.64,32.25],[75.68,32.27],[75.75,32.28],[75.78,32.32],[75.81,32.35],[75.84,32.38],[75.91,32.41],[75.89,32.47],[75.86,32.5],[75.87,32.56],[75.9,32.62],[75.93,32.65],[75.9,32.68],[75.91,32.74],[75.89,32.8],[75.86,32.83],[75.82,32.85],[75.79,32.89],[75.82,32.93],[75.88,32.92],[75.92,32.9],[75.98,32.9],[76.02,32.93],[76.07,32.96],[76.09,33.0],[76.14,33.02],[76.22,33.03],[76.26,33.05],[76.28,33.1],[76.31,33.13],[76.36,33.15],[76.39,33.19],[76.45,33.18],[76.5,33.2],[76.56,33.21],[76.6,33.18],[76.64,33.16],[76.69,33.17],[76.73,33.19],[76.76,33.22],[76.79,33.25],[76.8,33.24]]]]}},{"type":"Feature","properties":{"state":"Jammu and Kashmir"},"geometry":{"type":"MultiPolygon","coordinates":[[[[77.9,35.43],[77.94,35.46],[77.99,35.49],[78.05,35.49],[78.1,35.48],[78.07,35.44],[78.02,35.42],[77.99,35.38],[78.0,35.3],[78.02,35.25],[78.04,35.2],[78.08,35.17],[78.12,35.15],[78.1,35.1],[78.11,35.01],[78.17,34.91],[78.19,34.86],[78.21,34.77],[78.23,34.72],[78.27,34.68],[78.31,34.66],[78.39,34.65],[78.42,34.61],[78.48,34.6],[78.54,34.61],[78.61,34.58],[78.64,34.55],[78.68,34.52],[78.73,34.5],[78.76,34.46],[78.8,34.43],[78.84,34.41],[78.89,34.39],[78.93,34.37],[78.97,34.34],[78.99,34.3],[78.98,34.24],[78.94,34.2],[78.89,34.17],[78.82,34.13],[78.77,34.11],[78.72,34.09],[78.73,34.04],[78.77,34.01],[78.73,33.98],[78.71,33.93],[78.73,33.87],[78.76,33.82],[78.78,33.77],[78.76,33.73],[78.71,33.68],[78.73,33.62],[78.76,33.57],[78.79,33.53],[78.82,33.49],[78.87,33.44],[78.92,33.4],[78.95,33.37],[79.0,33.34],[79.03,33.31],[79.07,33.28],[79.09,33.22],[79.14,33.2],[79.19,33.19],[79.32,33.19],[79.38,33.19],[79.42,33.17],[79.4,33.11],[79.37,33.07],[79.35,33.03],[79.36,32.96],[79.39,32.93],[79.43,32.91],[79.46,32.87],[79.47,32.8],[79.52,32.78],[79.54,32.74],[79.56,32.68],[79.55,32.62],[79.51,32.59],[79.45,32.59],[79.4,32.56],[79.36,32.54],[79.32,32.49],[79.27,32.52],[79.21,32.51],[79.15,32.48],[79.12,32.44],[79.11,32.38],[79.05,32.38],[78.99,32.36],[78.92,32.36],[78.89,32.39],[78.86,32.42],[78.82,32.44],[78.78,32.48],[78.77,32.54],[78.78,32.59],[78.77,32.64],[78.75,32.7],[78.66,32.66],[78.63,32.61],[78.56,32.61],[78.51,32.59],[78.46,32.58],[78.41,32.56],[78.38,32.53],[78.31,32.48],[78.28,32.51],[78.3,32.58],[78.38,32.61],[78.36,32.67],[78.38,32.72],[78.34,32.76],[78.29,32.74],[78.27,32.7],[78.22,32.68],[78.16,32.68],[78.13,32.65],[78.07,32.64],[78.04,32.6],[77.99,32.59],[77.95,32.63],[77.92,32.68],[77.91,32.73],[77.89,32.77],[77.86,32.81],[77.83,32.84],[77.77,32.86],[77.79,32.9],[77.76,32.93],[77.73,32.96],[77.69,32.98],[77.64,32.96],[77.59,32.94],[77.55,32.91],[77.51,32.88],[77.46,32.86],[77.41,32.88],[77.36,32.86],[77.33,32.82],[77.3,32.85],[77.26,32.88],[77.22,32.9],[77.17,32.93],[77.14,32.96],[77.1,32.99],[77.04,33.0],[76.99,32.99],[76.96,33.02],[76.91,33.04],[76.89,33.09],[76.85,33.11],[76.82,33.14],[76.8,33.19],[76.82,33.24],[76.76,33.25],[76.75,33.2],[76.71,33.18],[76.65,33.17],[76.6,33.18],[76.57,33.21],[76.51,33.2],[76.47,33.18],[76.41,33.19],[76.36,33.16],[76.32,33.13],[76.28,33.1],[76.26,33.05],[76.22,33.03],[76.15,33.02],[76.09,33.0],[76.07,32.96],[76.02,32.93],[75.99,32.9],[75.94,32.88],[75.9,32.92],[75.85,32.93],[75.8,32.91],[75.81,32.86],[75.86,32.83],[75.89,32.8],[75.91,32.74],[75.9,32.68],[75.93,32.65],[75.9,32.62],[75.87,32.58],[75.84,32.54],[75.82,32.5],[75.77,32.48],[75.73,32.45],[75.7,32.41],[75.66,32.39],[75.59,32.38],[75.55,32.36],[75.52,32.3],[75.47,32.31],[75.41,32.32],[75.35,32.34],[75.29,32.36],[75.25,32.38],[75.2,32.4],[75.16,32.42],[75.11,32.45],[75.07,32.48],[75.02,32.49],[74.99,32.45],[74.93,32.47],[74.88,32.48],[74.82,32.5],[74.76,32.48],[74.7,32.48],[74.68,32.52],[74.65,32.56],[74.64,32.61],[74.67,32.65],[74.65,32.72],[74.67,32.77],[74.7,32.83],[74.64,32.82],[74.61,32.76],[74.54,32.75],[74.48,32.77],[74.45,32.81],[74.43,32.86],[74.41,32.9],[74.35,32.91],[74.32,32.94],[74.35,32.97],[74.34,33.03],[74.28,33.04],[74.22,33.04],[74.19,33.08],[74.16,33.13],[74.11,33.16],[74.06,33.19],[74.01,33.2],[74.02,33.26],[74.08,33.26],[74.12,33.28],[74.17,33.34],[74.18,33.39],[74.19,33.46],[74.16,33.5],[74.12,33.54],[74.09,33.57],[74.03,33.57],[74.0,33.62],[73.98,33.69],[73.97,33.74],[74.02,33.77],[74.05,33.81],[74.09,33.83],[74.17,33.84],[74.22,33.87],[74.25,33.9],[74.26,33.96],[74.25,34.01],[74.21,34.04],[74.13,34.05],[74.06,34.03],[74.0,34.03],[73.91,34.03],[73.88,34.06],[73.9,34.1],[73.94,34.17],[73.98,34.21],[73.94,34.3],[73.92,34.34],[73.84,34.34],[73.77,34.35],[73.78,34.42],[73.85,34.47],[73.9,34.5],[73.95,34.57],[73.93,34.65],[73.96,34.7],[74.01,34.71],[74.05,34.68],[74.12,34.69],[74.17,34.72],[74.23,34.75],[74.28,34.77],[74.32,34.8],[74.38,34.8],[74.47,34.79],[74.51,34.77],[74.58,34.77],[74.62,34.74],[74.66,34.71],[74.7,34.69],[74.76,34.68],[74.84,34.68],[74.91,34.68],[75.0,34.65],[75.08,34.66],[75.14,34.66],[75.21,34.65],[75.26,34.64],[75.34,34.57],[75.39,34.55],[75.46,34.54],[75.52,34.54],[75.58,34.54],[75.64,34.53],[75.71,34.52],[75.77,34.52],[75.81,34.55],[75.88,34.59],[75.93,34.62],[75.98,34.63],[76.03,34.66],[76.09,34.67],[76.13,34.64],[76.19,34.66],[76.26,34.68],[76.29,34.71],[76.34,34.73],[76.39,34.74],[76.43,34.76],[76.47,34.79],[76.55,34.77],[76.62,34.76],[76.68,34.76],[76.71,34.8],[76.74,34.83],[76.74,34.9],[76.8,34.94],[76.85,34.96],[76.91,34.96],[76.95,34.94],[77.01,34.96],[77.01,35.02],[77.08,35.03],[77.16,35.05],[77.19,35.08],[77.28,35.14],[77.38,35.2],[77.42,35.22],[77.49,35.27],[77.54,35.3],[77.59,35.32],[77.65,35.37],[77.74,35.43],[77.77,35.46],[77.81,35.49],[77.86,35.46],[77.89,35.43],[77.9,35.43]]]]}},{"type":"Feature","properties":{"state":"Jharkhand"},"geometry":{"type":"MultiPolygon","coordinates":[[[[87.6,25.31],[87.66,25.31],[87.7,25.28],[87.73,25.25],[87.79,25.24],[87.78,25.19],[87.77,25.14],[87.78,25.09],[87.82,25.06],[87.86,25.04],[87.9,25.0],[87.93,24.96],[87.97,24.93],[87.96,24.88],[87.91,24.86],[87.88,24.82],[87.86,24.77],[87.81,24.75],[87.86,24.73],[87.9,24.71],[87.91,24.65],[87.88,24.61],[87.91,24.58],[87.86,24.56],[87.81,24.58],[87.8,24.53],[87.81,24.48],[87.79,24.43],[87.78,24.37],[87.76,24.32],[87.73,24.29],[87.69,24.26],[87.64,24.24],[87.67,24.2],[87.69,24.15],[87.63,24.16],[87.57,24.16],[87.6,24.13],[87.57,24.09],[87.52,24.11],[87.49,24.08],[87.51,24.04],[87.47,24.01],[87.44,23.98],[87.39,24.0],[87.33,24.0],[87.3,24.03],[87.24,24.04],[87.26,24.0],[87.29,23.96],[87.29,23.9],[87.24,23.88],[87.26,23.84],[87.22,23.86],[87.16,23.86],[87.15,23.8],[87.1,23.81],[87.03,23.84],[86.98,23.86],[86.94,23.84],[86.91,23.88],[86.88,23.84],[86.83,23.81],[86.82,23.76],[86.79,23.71],[86.76,23.68],[86.71,23.7],[86.65,23.68],[86.59,23.67],[86.55,23.64],[86.48,23.64],[86.44,23.62],[86.41,23.59],[86.37,23.56],[86.36,23.51],[86.35,23.46],[86.3,23.44],[86.25,23.42],[86.24,23.47],[86.18,23.48],[86.15,23.51],[86.14,23.57],[86.08,23.57],[86.02,23.56],[86.03,23.5],[85.99,23.48],[85.94,23.45],[85.89,23.48],[85.86,23.45],[85.88,23.4],[85.87,23.33],[85.85,23.29],[85.83,23.24],[85.84,23.19],[85.88,23.16],[85.91,23.13],[85.97,23.14],[86.03,23.15],[86.06,23.11],[86.11,23.09],[86.14,23.06],[86.17,23.02],[86.21,22.99],[86.26,23.0],[86.33,22.99],[86.39,22.98],[86.45,22.99],[86.51,22.97],[86.48,22.93],[86.45,22.9],[86.43,22.85],[86.42,22.79],[86.47,22.75],[86.5,22.72],[86.56,22.71],[86.6,22.68],[86.64,22.66],[86.63,22.61],[86.66,22.57],[86.73,22.57],[86.78,22.55],[86.8,22.5],[86.75,22.48],[86.76,22.43],[86.82,22.41],[86.84,22.37],[86.83,22.32],[86.87,22.3],[86.89,22.25],[86.83,22.26],[86.8,22.23],[86.75,22.21],[86.69,22.22],[86.65,22.25],[86.62,22.28],[86.58,22.3],[86.52,22.3],[86.48,22.34],[86.44,22.32],[86.38,22.34],[86.34,22.37],[86.3,22.41],[86.27,22.44],[86.21,22.46],[86.16,22.48],[86.1,22.49],[86.07,22.54],[86.02,22.52],[85.97,22.5],[85.96,22.45],[86.0,22.42],[86.02,22.37],[85.99,22.34],[86.02,22.3],[85.99,22.27],[86.02,22.2],[86.0,22.15],[85.99,22.1],[85.96,22.05],[85.92,22.02],[85.9,21.97],[85.85,21.98],[85.78,21.98],[85.77,22.04],[85.79,22.08],[85.73,22.06],[85.67,22.05],[85.64,22.09],[85.6,22.07],[85.55,22.09],[85.49,22.12],[85.44,22.14],[85.39,22.16],[85.36,22.13],[85.31,22.11],[85.27,22.08],[85.25,22.03],[85.22,22.0],[85.19,22.05],[85.14,22.07],[85.1,22.1],[85.04,22.11],[85.01,22.08],[85.03,22.14],[85.05,22.19],[85.07,22.24],[85.1,22.29],[85.08,22.34],[85.08,22.41],[85.07,22.46],[85.0,22.46],[84.96,22.44],[84.91,22.42],[84.85,22.43],[84.79,22.44],[84.74,22.41],[84.67,22.41],[84.63,22.43],[84.57,22.42],[84.5,22.42],[84.47,22.38],[84.43,22.35],[84.37,22.35],[84.32,22.34],[84.26,22.35],[84.19,22.37],[84.15,22.4],[84.13,22.45],[84.1,22.48],[84.06,22.51],[84.0,22.52],[84.01,22.57],[84.05,22.6],[84.08,22.64],[84.15,22.63],[84.19,22.66],[84.23,22.68],[84.22,22.73],[84.25,22.76],[84.29,22.78],[84.32,22.82],[84.34,22.86],[84.38,22.89],[84.39,22.94],[84.35,22.98],[84.29,22.96],[84.24,22.97],[84.2,23.0],[84.17,22.97],[84.14,23.0],[84.12,23.05],[84.1,23.1],[84.05,23.12],[84.03,23.17],[84.06,23.21],[84.06,23.28],[84.05,23.35],[83.99,23.36],[83.98,23.42],[83.99,23.48],[84.01,23.52],[84.03,23.57],[84.0,23.62],[83.94,23.62],[83.94,23.56],[83.89,23.58],[83.82,23.58],[83.77,23.6],[83.74,23.64],[83.71,23.68],[83.73,23.72],[83.71,23.77],[83.69,23.82],[83.65,23.85],[83.59,23.86],[83.56,23.89],[83.53,23.94],[83.51,23.99],[83.48,24.04],[83.43,24.06],[83.39,24.09],[83.33,24.1],[83.36,24.15],[83.38,24.2],[83.39,24.25],[83.38,24.3],[83.4,24.34],[83.45,24.36],[83.43,24.41],[83.4,24.44],[83.39,24.49],[83.43,24.51],[83.49,24.52],[83.54,24.53],[83.59,24.51],[83.66,24.52],[83.72,24.5],[83.78,24.52],[83.84,24.53],[83.9,24.54],[83.95,24.57],[83.98,24.62],[84.04,24.62],[84.07,24.58],[84.09,24.54],[84.11,24.48],[84.14,24.52],[84.17,24.55],[84.24,24.55],[84.29,24.57],[84.32,24.52],[84.29,24.48],[84.33,24.43],[84.36,24.39],[84.4,24.37],[84.44,24.33],[84.48,24.3],[84.52,24.33],[84.54,24.38],[84.58,24.41],[84.64,24.4],[84.67,24.43],[84.71,24.47],[84.74,24.5],[84.78,24.52],[84.83,24.49],[84.87,24.47],[84.89,24.4],[84.93,24.38],[84.99,24.41],[85.03,24.43],[85.07,24.4],[85.12,24.41],[85.17,24.43],[85.2,24.47],[85.25,24.5],[85.28,24.53],[85.34,24.53],[85.4,24.54],[85.47,24.55],[85.51,24.53],[85.54,24.57],[85.58,24.6],[85.62,24.58],[85.67,24.6],[85.66,24.65],[85.68,24.69],[85.71,24.74],[85.72,24.79],[85.75,24.82],[85.79,24.8],[85.85,24.81],[85.89,24.79],[85.92,24.74],[85.98,24.75],[86.03,24.77],[86.09,24.75],[86.12,24.72],[86.13,24.65],[86.14,24.6],[86.22,24.59],[86.28,24.57],[86.31,24.54],[86.3,24.49],[86.32,24.44],[86.37,24.42],[86.42,24.38],[86.47,24.4],[86.49,24.45],[86.5,24.5],[86.53,24.53],[86.57,24.56],[86.59,24.6],[86.64,24.58],[86.7,24.57],[86.75,24.59],[86.78,24.62],[86.81,24.59],[86.84,24.56],[86.9,24.55],[86.92,24.61],[86.95,24.64],[87.01,24.61],[87.05,24.64],[87.06,24.69],[87.08,24.74],[87.09,24.79],[87.11,24.85],[87.15,24.87],[87.16,24.93],[87.15,24.99],[87.17,25.05],[87.21,25.08],[87.25,25.1],[87.3,25.13],[87.32,25.19],[87.36,25.21],[87.4,25.23],[87.46,25.2],[87.49,25.26],[87.53,25.28],[87.55,25.33],[87.6,25.31]]]]}},{"type":"Feature","properties":{"state":"Karnataka"},"geometry":{"type":"MultiPolygon","coordinates":[[[[77.34,18.44],[77.37,18.4],[77.4,18.35],[77.37,18.32],[77.43,18.3],[77.47,18.26],[77.51,18.28],[77.57,18.29],[77.58,18.23],[77.57,18.18],[77.6,18.15],[77.6,18.08],[77.55,18.06],[77.58,18.02],[77.62,18.0],[77.65,17.97],[77.62,17.93],[77.58,17.9],[77.57,17.85],[77.53,17.81],[77.55,17.76],[77.52,17.72],[77.47,17.7],[77.45,17.65],[77.44,17.6],[77.47,17.57],[77.5,17.54],[77.53,17.57],[77.59,17.56],[77.62,17.52],[77.68,17.51],[77.65,17.48],[77.61,17.46],[77.57,17.44],[77.51,17.43],[77.54,17.4],[77.52,17.36],[77.45,17.37],[77.45,17.31],[77.44,17.26],[77.41,17.23],[77.38,17.19],[77.4,17.13],[77.45,17.11],[77.48,17.08],[77.49,17.02],[77.47,16.96],[77.46,16.91],[77.46,16.84],[77.47,16.79],[77.44,16.75],[77.47,16.71],[77.44,16.67],[77.47,16.64],[77.46,16.59],[77.42,16.56],[77.41,16.51],[77.37,16.48],[77.31,16.49],[77.25,16.47],[77.27,16.42],[77.31,16.39],[77.37,16.38],[77.42,16.36],[77.48,16.38],[77.53,16.36],[77.59,16.34],[77.58,16.29],[77.53,16.26],[77.49,16.24],[77.48,16.16],[77.5,16.11],[77.49,16.05],[77.51,16.0],[77.51,15.94],[77.45,15.93],[77.39,15.94],[77.31,15.95],[77.25,15.96],[77.19,15.95],[77.13,15.93],[77.08,15.91],[77.05,15.88],[77.02,15.83],[77.06,15.8],[77.05,15.75],[77.08,15.72],[77.11,15.67],[77.07,15.64],[77.03,15.61],[77.03,15.53],[77.0,15.5],[77.01,15.45],[77.03,15.4],[77.04,15.35],[77.1,15.33],[77.12,15.29],[77.16,15.26],[77.13,15.23],[77.16,15.19],[77.13,15.14],[77.13,15.07],[77.1,15.03],[77.07,15.0],[77.02,15.03],[76.97,15.01],[76.92,15.03],[76.86,15.05],[76.82,15.07],[76.77,15.05],[76.77,14.99],[76.8,14.96],[76.86,14.96],[76.86,14.9],[76.85,14.84],[76.83,14.78],[76.79,14.75],[76.78,14.69],[76.76,14.61],[76.78,14.56],[76.81,14.52],[76.86,14.49],[76.95,14.48],[76.94,14.43],[76.9,14.4],[76.88,14.35],[76.91,14.32],[76.95,14.3],[76.92,14.27],[76.95,14.23],[77.01,14.24],[77.06,14.22],[77.11,14.24],[77.12,14.29],[77.14,14.34],[77.2,14.31],[77.26,14.33],[77.28,14.28],[77.34,14.27],[77.36,14.22],[77.39,14.19],[77.41,14.24],[77.38,14.27],[77.39,14.32],[77.43,14.3],[77.48,14.28],[77.49,14.22],[77.51,14.18],[77.46,14.16],[77.4,14.17],[77.38,14.13],[77.34,14.1],[77.39,14.12],[77.37,14.07],[77.33,14.05],[77.36,14.02],[77.38,13.97],[77.43,13.96],[77.41,13.92],[77.36,13.9],[77.34,13.95],[77.32,14.01],[77.27,14.03],[77.22,14.01],[77.16,14.01],[77.12,14.04],[77.07,14.05],[77.02,14.08],[77.02,14.15],[76.97,14.17],[76.9,14.16],[76.93,14.13],[76.96,14.08],[76.93,14.04],[76.96,14.0],[76.99,13.97],[77.02,13.93],[77.01,13.87],[76.98,13.83],[76.99,13.77],[77.01,13.73],[77.04,13.77],[77.08,13.74],[77.14,13.76],[77.16,13.81],[77.13,13.84],[77.16,13.87],[77.17,13.92],[77.18,13.87],[77.23,13.9],[77.25,13.84],[77.31,13.86],[77.34,13.83],[77.4,13.83],[77.43,13.79],[77.46,13.75],[77.44,13.7],[77.48,13.68],[77.53,13.7],[77.57,13.73],[77.63,13.73],[77.65,13.78],[77.7,13.76],[77.73,13.8],[77.78,13.82],[77.81,13.85],[77.81,13.91],[77.86,13.93],[77.9,13.91],[77.95,13.93],[77.98,13.89],[77.94,13.87],[77.95,13.82],[77.98,13.85],[78.04,13.85],[78.11,13.85],[78.12,13.79],[78.1,13.75],[78.11,13.7],[78.07,13.68],[78.09,13.63],[78.15,13.65],[78.19,13.62],[78.18,13.56],[78.23,13.59],[78.29,13.58],[78.36,13.58],[78.39,13.54],[78.37,13.49],[78.36,13.44],[78.37,13.39],[78.39,13.34],[78.43,13.32],[78.47,13.29],[78.51,13.27],[78.55,13.3],[78.58,13.27],[78.56,13.21],[78.56,13.15],[78.52,13.13],[78.5,13.08],[78.47,13.04],[78.46,12.99],[78.42,12.96],[78.43,12.91],[78.46,12.87],[78.42,12.9],[78.36,12.91],[78.32,12.89],[78.28,12.85],[78.24,12.81],[78.23,12.75],[78.17,12.77],[78.11,12.79],[78.08,12.82],[78.02,12.84],[77.99,12.81],[77.96,12.84],[77.92,12.81],[77.93,12.86],[77.87,12.86],[77.82,12.85],[77.8,12.8],[77.77,12.76],[77.76,12.7],[77.73,12.67],[77.69,12.65],[77.64,12.67],[77.59,12.65],[77.58,12.58],[77.58,12.52],[77.6,12.46],[77.62,12.42],[77.61,12.37],[77.58,12.33],[77.55,12.29],[77.5,12.27],[77.46,12.24],[77.48,12.19],[77.54,12.19],[77.6,12.2],[77.66,12.19],[77.7,12.17],[77.74,12.14],[77.77,12.11],[77.73,12.06],[77.7,12.03],[77.68,11.98],[77.66,11.94],[77.6,11.93],[77.53,11.93],[77.48,11.91],[77.45,11.88],[77.45,11.82],[77.43,11.77],[77.38,11.78],[77.33,11.76],[77.29,11.79],[77.24,11.8],[77.19,11.78],[77.13,11.77],[77.11,11.72],[77.05,11.76],[77.02,11.79],[76.96,11.77],[76.9,11.78],[76.88,11.73],[76.85,11.7],[76.83,11.65],[76.85,11.6],[76.78,11.6],[76.72,11.61],[76.66,11.61],[76.6,11.6],[76.55,11.62],[76.54,11.68],[76.5,11.7],[76.47,11.67],[76.41,11.66],[76.42,11.71],[76.39,11.74],[76.33,11.73],[76.3,11.77],[76.27,11.8],[76.21,11.8],[76.2,11.86],[76.14,11.86],[76.11,11.93],[76.08,11.96],[76.03,11.93],[75.97,11.93],[75.9,11.93],[75.85,11.96],[75.82,11.99],[75.8,12.04],[75.77,12.08],[75.72,12.06],[75.69,12.1],[75.64,12.12],[75.61,12.15],[75.57,12.17],[75.53,12.2],[75.51,12.25],[75.48,12.29],[75.42,12.29],[75.41,12.34],[75.39,12.39],[75.37,12.45],[75.42,12.47],[75.39,12.5],[75.36,12.46],[75.33,12.49],[75.3,12.52],[75.27,12.55],[75.31,12.57],[75.28,12.61],[75.25,12.58],[75.21,12.6],[75.16,12.62],[75.15,12.68],[75.1,12.69],[75.07,12.66],[75.05,12.71],[75.0,12.73],[75.01,12.79],[74.97,12.77],[74.91,12.76],[74.86,12.78],[74.84,12.83],[74.82,12.87],[74.82,12.93],[74.8,12.98],[74.78,13.03],[74.77,13.08],[74.76,13.14],[74.75,13.19],[74.73,13.24],[74.72,13.29],[74.71,13.34],[74.72,13.29],[74.71,13.34],[74.7,13.4],[74.69,13.45],[74.69,13.51],[74.68,13.57],[74.67,13.62],[74.65,13.67],[74.64,13.72],[74.63,13.77],[74.62,13.83],[74.6,13.87],[74.58,13.92],[74.55,13.95],[74.52,13.98],[74.5,14.03],[74.49,14.08],[74.48,14.14],[74.47,14.19],[74.44,14.22],[74.43,14.28],[74.41,14.32],[74.4,14.38],[74.38,14.42],[74.37,14.48],[74.38,14.54],[74.34,14.57],[74.36,14.52],[74.31,14.54],[74.3,14.59],[74.27,14.62],[74.28,14.67],[74.27,14.72],[74.24,14.75],[74.21,14.72],[74.17,14.75],[74.14,14.78],[74.1,14.8],[74.13,14.83],[74.1,14.87],[74.12,14.91],[74.18,14.91],[74.22,14.94],[74.26,14.96],[74.28,15.01],[74.3,15.06],[74.29,15.12],[74.32,15.18],[74.3,15.23],[74.26,15.26],[74.3,15.29],[74.33,15.34],[74.29,15.38],[74.28,15.43],[74.26,15.49],[74.29,15.53],[74.26,15.56],[74.27,15.62],[74.25,15.67],[74.21,15.65],[74.14,15.65],[74.1,15.67],[74.14,15.69],[74.16,15.74],[74.21,15.76],[74.24,15.79],[74.25,15.74],[74.31,15.75],[74.36,15.77],[74.37,15.82],[74.34,15.85],[74.37,15.88],[74.4,15.85],[74.39,15.9],[74.44,15.95],[74.45,16.0],[74.47,16.05],[74.41,16.05],[74.42,16.1],[74.48,16.09],[74.49,16.15],[74.51,16.19],[74.5,16.24],[74.44,16.25],[74.4,16.28],[74.35,16.29],[74.32,16.33],[74.33,16.38],[74.37,16.4],[74.34,16.43],[74.31,16.46],[74.28,16.5],[74.31,16.53],[74.36,16.55],[74.4,16.57],[74.44,16.6],[74.47,16.65],[74.51,16.63],[74.55,16.59],[74.58,16.55],[74.62,16.57],[74.65,16.61],[74.67,16.66],[74.7,16.69],[74.74,16.72],[74.78,16.74],[74.85,16.76],[74.91,16.77],[74.91,16.84],[74.94,16.87],[74.97,16.91],[74.93,16.94],[74.99,16.93],[75.05,16.93],[75.09,16.95],[75.12,16.91],[75.15,16.87],[75.18,16.84],[75.24,16.85],[75.28,16.87],[75.28,16.94],[75.34,16.95],[75.39,16.98],[75.43,16.96],[75.47,16.99],[75.49,16.94],[75.53,16.97],[75.57,17.0],[75.61,16.97],[75.65,16.95],[75.67,17.0],[75.64,17.04],[75.68,17.06],[75.67,17.11],[75.64,17.15],[75.66,17.2],[75.66,17.26],[75.62,17.29],[75.61,17.34],[75.58,17.38],[75.62,17.4],[75.63,17.46],[75.68,17.45],[75.71,17.41],[75.77,17.41],[75.79,17.37],[75.82,17.41],[75.86,17.39],[75.89,17.42],[75.9,17.37],[75.93,17.32],[75.98,17.34],[76.04,17.35],[76.09,17.33],[76.12,17.37],[76.16,17.34],[76.18,17.3],[76.17,17.35],[76.23,17.36],[76.28,17.33],[76.33,17.35],[76.36,17.31],[76.39,17.34],[76.36,17.38],[76.37,17.43],[76.33,17.46],[76.37,17.49],[76.36,17.54],[76.33,17.57],[76.36,17.6],[76.42,17.6],[76.44,17.65],[76.48,17.67],[76.51,17.72],[76.54,17.76],[76.57,17.7],[76.6,17.73],[76.63,17.76],[76.65,17.72],[76.69,17.68],[76.7,17.73],[76.72,17.78],[76.77,17.8],[76.75,17.86],[76.81,17.87],[76.85,17.9],[76.9,17.91],[76.92,17.96],[76.92,18.03],[76.95,18.07],[76.92,18.12],[76.95,18.17],[77.02,18.16],[77.09,18.15],[77.11,18.2],[77.15,18.22],[77.17,18.27],[77.2,18.3],[77.23,18.34],[77.24,18.4],[77.29,18.43],[77.33,18.46],[77.34,18.44]]]]}},{"type":"Feature","properties":{"state":"Kerala"},"geometry":{"type":"MultiPolygon","coordinates":[[[[75.0,12.79],[74.99,12.74],[75.02,12.71],[75.06,12.69],[75.12,12.67],[75.15,12.64],[75.2,12.62],[75.22,12.57],[75.26,12.59],[75.33,12.59],[75.29,12.56],[75.3,12.5],[75.34,12.48],[75.39,12.5],[75.42,12.47],[75.37,12.45],[75.38,12.39],[75.42,12.37],[75.43,12.3],[75.49,12.28],[75.52,12.24],[75.54,12.2],[75.58,12.15],[75.64,12.14],[75.66,12.09],[75.72,12.08],[75.78,12.08],[75.8,12.03],[75.83,12.0],[75.87,11.95],[75.92,11.93],[75.98,11.92],[76.04,11.94],[76.09,11.96],[76.11,11.88],[76.15,11.86],[76.21,11.84],[76.23,11.8],[76.28,11.78],[76.31,11.74],[76.37,11.74],[76.42,11.72],[76.41,11.67],[76.44,11.64],[76.38,11.62],[76.35,11.58],[76.3,11.56],[76.27,11.59],[76.23,11.56],[76.24,11.5],[76.27,11.47],[76.31,11.45],[76.37,11.44],[76.41,11.41],[76.45,11.38],[76.51,11.36],[76.54,11.33],[76.52,11.28],[76.49,11.25],[76.44,11.2],[76.5,11.2],[76.58,11.2],[76.64,11.2],[76.68,11.22],[76.72,11.19],[76.69,11.16],[76.72,11.13],[76.74,11.08],[76.76,11.03],[76.7,11.02],[76.66,10.96],[76.67,10.91],[76.72,10.89],[76.78,10.88],[76.82,10.85],[76.84,10.81],[76.89,10.79],[76.88,10.73],[76.86,10.68],[76.87,10.63],[76.81,10.63],[76.83,10.58],[76.83,10.52],[76.82,10.44],[76.83,10.37],[76.82,10.31],[76.85,10.28],[76.89,10.24],[76.94,10.22],[77.0,10.23],[77.04,10.25],[77.07,10.29],[77.11,10.31],[77.15,10.33],[77.21,10.34],[77.23,10.28],[77.25,10.23],[77.28,10.2],[77.26,10.14],[77.22,10.12],[77.19,10.09],[77.22,10.06],[77.25,10.02],[77.26,9.97],[77.23,9.94],[77.2,9.89],[77.22,9.84],[77.23,9.79],[77.21,9.75],[77.19,9.7],[77.17,9.65],[77.16,9.6],[77.21,9.58],[77.26,9.56],[77.29,9.59],[77.35,9.57],[77.36,9.52],[77.4,9.5],[77.38,9.46],[77.33,9.43],[77.32,9.38],[77.3,9.32],[77.27,9.29],[77.26,9.23],[77.24,9.19],[77.25,9.14],[77.22,9.11],[77.19,9.08],[77.17,9.03],[77.13,9.01],[77.16,8.98],[77.18,8.94],[77.21,8.89],[77.24,8.86],[77.23,8.8],[77.2,8.77],[77.17,8.73],[77.19,8.68],[77.21,8.63],[77.23,8.59],[77.26,8.55],[77.25,8.5],[77.19,8.5],[77.21,8.45],[77.18,8.41],[77.15,8.38],[77.16,8.32],[77.1,8.31],[77.05,8.33],[77.02,8.36],[76.98,8.39],[76.96,8.43],[76.92,8.46],[76.89,8.5],[76.86,8.54],[76.83,8.57],[76.8,8.61],[76.77,8.65],[76.74,8.68],[76.71,8.72],[76.68,8.76],[76.66,8.8],[76.63,8.83],[76.6,8.86],[76.56,8.89],[76.54,8.94],[76.52,8.98],[76.51,9.04],[76.49,9.08],[76.47,9.13],[76.45,9.18],[76.44,9.23],[76.45,9.18],[76.42,9.22],[76.4,9.27],[76.38,9.31],[76.36,9.36],[76.34,9.41],[76.33,9.46],[76.31,9.51],[76.3,9.56],[76.3,9.63],[76.29,9.69],[76.28,9.74],[76.28,9.8],[76.27,9.85],[76.25,9.9],[76.24,9.95],[76.28,9.93],[76.26,9.88],[76.3,9.85],[76.33,9.81],[76.34,9.76],[76.33,9.81],[76.32,9.86],[76.35,9.83],[76.36,9.78],[76.37,9.73],[76.39,9.68],[76.38,9.63],[76.36,9.58],[76.35,9.53],[76.41,9.53],[76.47,9.53],[76.43,9.56],[76.42,9.62],[76.41,9.67],[76.38,9.7],[76.39,9.75],[76.37,9.8],[76.38,9.86],[76.36,9.91],[76.33,9.88],[76.31,9.93],[76.28,9.96],[76.27,10.01],[76.25,10.06],[76.24,10.11],[76.21,10.14],[76.22,10.09],[76.23,10.04],[76.24,9.98],[76.21,10.02],[76.2,10.08],[76.18,10.13],[76.17,10.18],[76.2,10.15],[76.17,10.19],[76.14,10.23],[76.13,10.28],[76.12,10.34],[76.1,10.38],[76.08,10.43],[76.06,10.48],[76.03,10.52],[76.07,10.55],[76.03,10.52],[76.01,10.57],[75.99,10.61],[75.97,10.66],[75.95,10.71],[75.93,10.76],[75.91,10.8],[75.9,10.86],[75.89,10.91],[75.87,10.96],[75.86,11.01],[75.85,11.06],[75.83,11.11],[75.86,11.14],[75.81,11.16],[75.79,11.21],[75.77,11.25],[75.75,11.3],[75.74,11.35],[75.71,11.39],[75.69,11.44],[75.66,11.47],[75.62,11.5],[75.6,11.54],[75.58,11.59],[75.56,11.64],[75.54,11.69],[75.51,11.72],[75.48,11.75],[75.5,11.8],[75.47,11.77],[75.44,11.8],[75.41,11.83],[75.38,11.86],[75.34,11.89],[75.31,11.92],[75.37,11.93],[75.33,11.95],[75.3,11.98],[75.27,12.01],[75.33,12.01],[75.3,12.05],[75.31,12.1],[75.36,12.12],[75.4,12.14],[75.34,12.14],[75.29,12.12],[75.25,12.1],[75.22,12.07],[75.23,12.02],[75.19,12.04],[75.22,12.07],[75.17,12.09],[75.2,12.12],[75.16,12.14],[75.14,12.19],[75.11,12.22],[75.1,12.27],[75.07,12.31],[75.05,12.36],[75.03,12.41],[75.0,12.44],[74.98,12.49],[74.96,12.53],[74.94,12.58],[74.92,12.63],[74.9,12.68],[74.88,12.72],[74.9,12.76],[74.95,12.78],[75.0,12.79]]]]}},{"type":"Feature","properties":{"state":"Madhya Pradesh"},"geometry":{"type":"MultiPolygon","coordinates":[[[[78.36,26.87],[78.39,26.83],[78.45,26.8],[78.52,26.79],[78.56,26.76],[78.62,26.77],[78.67,26.79],[78.73,26.78],[78.8,26.77],[78.84,26.73],[78.87,26.7],[78.93,26.7],[78.99,26.69],[79.0,26.64],[78.98,26.59],[79.01,26.56],[79.04,26.52],[79.05,26.46],[79.11,26.45],[79.08,26.41],[79.09,26.36],[79.13,26.33],[79.09,26.3],[79.05,26.28],[79.06,26.23],[79.02,26.21],[78.99,26.18],[78.96,26.15],[78.99,26.1],[78.96,26.05],[78.94,26.0],[78.92,25.95],[78.88,25.92],[78.86,25.87],[78.86,25.8],[78.82,25.83],[78.79,25.79],[78.76,25.75],[78.79,25.71],[78.81,25.65],[78.77,25.61],[78.71,25.61],[78.67,25.58],[78.61,25.59],[78.58,25.56],[78.51,25.57],[78.46,25.56],[78.41,25.54],[78.42,25.49],[78.39,25.45],[78.34,25.43],[78.32,25.39],[78.33,25.34],[78.35,25.28],[78.37,25.24],[78.39,25.19],[78.43,25.17],[78.42,25.12],[78.37,25.1],[78.33,25.08],[78.34,25.03],[78.31,24.99],[78.26,24.95],[78.21,24.92],[78.17,24.89],[78.19,24.84],[78.22,24.79],[78.23,24.74],[78.25,24.69],[78.26,24.64],[78.26,24.58],[78.22,24.54],[78.24,24.49],[78.26,24.45],[78.31,24.42],[78.34,24.39],[78.33,24.34],[78.36,24.3],[78.39,24.27],[78.43,24.29],[78.46,24.34],[78.48,24.38],[78.55,24.36],[78.59,24.34],[78.62,24.31],[78.65,24.27],[78.68,24.24],[78.74,24.25],[78.77,24.22],[78.79,24.18],[78.83,24.21],[78.88,24.23],[78.91,24.27],[78.93,24.32],[78.97,24.35],[78.98,24.4],[78.96,24.44],[78.91,24.46],[78.93,24.5],[78.95,24.55],[78.91,24.58],[78.88,24.64],[78.83,24.62],[78.78,24.59],[78.75,24.62],[78.74,24.67],[78.77,24.71],[78.76,24.77],[78.77,24.83],[78.74,24.87],[78.69,24.9],[78.66,24.93],[78.62,24.96],[78.64,25.01],[78.63,25.07],[78.6,25.1],[78.59,25.16],[78.57,25.2],[78.57,25.26],[78.53,25.29],[78.45,25.27],[78.48,25.31],[78.54,25.32],[78.52,25.36],[78.58,25.35],[78.56,25.4],[78.61,25.42],[78.65,25.44],[78.67,25.39],[78.7,25.36],[78.76,25.36],[78.75,25.41],[78.79,25.43],[78.75,25.45],[78.73,25.5],[78.78,25.48],[78.83,25.46],[78.84,25.52],[78.87,25.55],[78.93,25.56],[78.92,25.51],[78.91,25.45],[78.97,25.43],[78.98,25.38],[78.94,25.35],[78.89,25.37],[78.94,25.39],[78.88,25.39],[78.85,25.36],[78.82,25.32],[78.82,25.25],[78.86,25.27],[78.87,25.33],[78.92,25.35],[78.95,25.32],[78.94,25.26],[78.88,25.25],[78.87,25.19],[78.92,25.21],[78.98,25.2],[78.97,25.25],[79.0,25.28],[79.03,25.25],[79.06,25.22],[79.02,25.19],[79.03,25.14],[79.06,25.17],[79.12,25.16],[79.16,25.11],[79.18,25.15],[79.21,25.11],[79.24,25.14],[79.28,25.12],[79.31,25.16],[79.28,25.19],[79.27,25.25],[79.31,25.22],[79.34,25.26],[79.3,25.28],[79.26,25.31],[79.29,25.34],[79.35,25.33],[79.36,25.26],[79.4,25.28],[79.47,25.28],[79.44,25.25],[79.42,25.2],[79.38,25.17],[79.39,25.12],[79.43,25.14],[79.46,25.1],[79.52,25.1],[79.53,25.15],[79.56,25.18],[79.59,25.15],[79.64,25.13],[79.71,25.13],[79.77,25.13],[79.81,25.11],[79.85,25.14],[79.86,25.19],[79.85,25.24],[79.9,25.25],[79.95,25.27],[80.0,25.29],[80.02,25.34],[80.08,25.35],[80.14,25.36],[80.18,25.38],[80.23,25.41],[80.29,25.41],[80.31,25.36],[80.3,25.3],[80.34,25.28],[80.38,25.24],[80.41,25.2],[80.38,25.16],[80.35,25.13],[80.31,25.1],[80.28,25.06],[80.31,25.01],[80.36,25.03],[80.39,25.07],[80.45,25.08],[80.48,25.04],[80.5,25.09],[80.54,25.07],[80.59,25.09],[80.59,25.16],[80.63,25.13],[80.65,25.09],[80.68,25.06],[80.75,25.06],[80.72,25.1],[80.73,25.15],[80.79,25.14],[80.83,25.11],[80.84,25.16],[80.87,25.19],[80.91,25.16],[80.87,25.13],[80.86,25.08],[80.83,25.04],[80.85,24.99],[80.8,24.97],[80.83,24.93],[80.88,24.95],[80.92,24.97],[80.95,24.93],[81.01,24.93],[81.05,24.96],[81.08,24.93],[81.12,24.9],[81.15,24.93],[81.21,24.94],[81.2,25.0],[81.24,25.03],[81.26,25.07],[81.26,25.14],[81.29,25.17],[81.31,25.12],[81.33,25.17],[81.37,25.14],[81.43,25.13],[81.46,25.09],[81.51,25.11],[81.47,25.13],[81.51,25.15],[81.54,25.19],[81.6,25.17],[81.6,25.11],[81.61,25.06],[81.65,25.08],[81.68,25.04],[81.75,25.04],[81.79,25.01],[81.86,25.0],[81.9,24.98],[81.91,24.92],[81.93,24.87],[81.96,24.83],[82.0,24.85],[82.04,24.83],[82.09,24.81],[82.15,24.8],[82.2,24.82],[82.19,24.77],[82.22,24.74],[82.23,24.69],[82.28,24.67],[82.29,24.62],[82.35,24.61],[82.4,24.6],[82.41,24.66],[82.42,24.71],[82.45,24.68],[82.51,24.68],[82.54,24.65],[82.59,24.67],[82.64,24.69],[82.7,24.68],[82.73,24.65],[82.77,24.61],[82.8,24.55],[82.74,24.55],[82.73,24.49],[82.72,24.43],[82.71,24.38],[82.76,24.37],[82.77,24.31],[82.75,24.26],[82.73,24.2],[82.72,24.15],[82.66,24.13],[82.7,24.1],[82.75,24.08],[82.74,24.03],[82.78,24.01],[82.81,23.96],[82.77,23.94],[82.72,23.92],[82.66,23.91],[82.64,23.86],[82.6,23.83],[82.54,23.82],[82.52,23.78],[82.47,23.81],[82.4,23.8],[82.34,23.8],[82.28,23.81],[82.22,23.81],[82.19,23.84],[82.14,23.82],[82.08,23.82],[82.03,23.84],[81.99,23.86],[81.93,23.87],[81.89,23.84],[81.85,23.82],[81.79,23.81],[81.75,23.83],[81.72,23.86],[81.68,23.89],[81.66,23.93],[81.61,23.91],[81.6,23.86],[81.63,23.83],[81.64,23.78],[81.67,23.75],[81.65,23.68],[81.61,23.66],[81.6,23.61],[81.57,23.58],[81.61,23.55],[81.62,23.49],[81.65,23.52],[81.71,23.53],[81.73,23.57],[81.8,23.55],[81.83,23.51],[81.9,23.53],[81.94,23.5],[81.97,23.45],[82.0,23.41],[82.04,23.38],[82.09,23.4],[82.11,23.35],[82.16,23.33],[82.19,23.29],[82.16,23.25],[82.14,23.2],[82.15,23.15],[82.13,23.11],[82.07,23.11],[82.03,23.08],[81.97,23.08],[81.92,23.06],[81.94,23.01],[81.93,22.95],[81.89,22.93],[81.86,22.9],[81.82,22.88],[81.77,22.86],[81.78,22.8],[81.76,22.75],[81.77,22.68],[81.74,22.65],[81.66,22.63],[81.64,22.58],[81.61,22.54],[81.55,22.53],[81.49,22.52],[81.46,22.49],[81.42,22.46],[81.38,22.48],[81.35,22.51],[81.3,22.48],[81.24,22.46],[81.19,22.48],[81.13,22.45],[81.1,22.41],[81.11,22.36],[81.12,22.3],[81.09,22.27],[81.05,22.24],[81.02,22.2],[81.02,22.13],[80.97,22.11],[81.0,22.08],[80.96,22.06],[80.95,22.12],[80.9,22.1],[80.88,22.06],[80.86,22.0],[80.83,21.96],[80.82,21.91],[80.84,21.87],[80.83,21.82],[80.82,21.77],[80.78,21.74],[80.74,21.76],[80.72,21.71],[80.71,21.66],[80.72,21.61],[80.71,21.56],[80.73,21.52],[80.72,21.45],[80.69,21.4],[80.67,21.35],[80.64,21.32],[80.58,21.33],[80.55,21.36],[80.52,21.39],[80.46,21.4],[80.42,21.37],[80.39,21.41],[80.4,21.46],[80.37,21.5],[80.35,21.54],[80.32,21.57],[80.28,21.6],[80.24,21.62],[80.18,21.63],[80.14,21.6],[80.09,21.58],[80.05,21.55],[79.99,21.53],[79.95,21.56],[79.92,21.52],[79.86,21.53],[79.82,21.56],[79.77,21.59],[79.71,21.59],[79.65,21.56],[79.6,21.55],[79.54,21.54],[79.52,21.58],[79.5,21.63],[79.46,21.69],[79.4,21.68],[79.34,21.68],[79.28,21.69],[79.23,21.72],[79.22,21.66],[79.15,21.66],[79.11,21.63],[79.05,21.6],[79.0,21.62],[78.95,21.6],[78.91,21.57],[78.92,21.52],[78.89,21.49],[78.83,21.49],[78.78,21.47],[78.72,21.46],[78.66,21.48],[78.6,21.49],[78.57,21.52],[78.51,21.53],[78.47,21.51],[78.43,21.54],[78.41,21.58],[78.38,21.62],[78.35,21.58],[78.28,21.59],[78.25,21.56],[78.18,21.56],[78.17,21.51],[78.14,21.48],[78.1,21.46],[78.05,21.44],[78.0,21.42],[77.96,21.4],[77.91,21.38],[77.85,21.39],[77.8,21.41],[77.77,21.38],[77.72,21.36],[77.69,21.39],[77.63,21.39],[77.58,21.36],[77.53,21.38],[77.48,21.4],[77.47,21.45],[77.44,21.48],[77.42,21.53],[77.46,21.56],[77.51,21.55],[77.57,21.53],[77.61,21.55],[77.57,21.57],[77.57,21.64],[77.55,21.69],[77.52,21.73],[77.48,21.76],[77.41,21.76],[77.35,21.76],[77.28,21.76],[77.24,21.72],[77.18,21.7],[77.13,21.72],[77.07,21.72],[77.02,21.69],[76.91,21.61],[76.85,21.62],[76.82,21.59],[76.78,21.56],[76.77,21.51],[76.78,21.46],[76.74,21.44],[76.67,21.37],[76.63,21.34],[76.65,21.3],[76.64,21.25],[76.63,21.2],[76.56,21.21],[76.52,21.19],[76.48,21.16],[76.45,21.12],[76.41,21.09],[76.33,21.08],[76.27,21.09],[76.21,21.09],[76.16,21.11],[76.13,21.15],[76.17,21.17],[76.16,21.22],[76.15,21.28],[76.12,21.32],[76.1,21.37],[76.05,21.35],[76.0,21.37],[75.96,21.4],[75.89,21.4],[75.83,21.38],[75.77,21.39],[75.71,21.39],[75.65,21.38],[75.6,21.39],[75.55,21.37],[75.5,21.39],[75.44,21.39],[75.38,21.39],[75.32,21.39],[75.27,21.41],[75.21,21.41],[75.16,21.44],[75.11,21.47],[75.08,21.53],[75.05,21.57],[75.0,21.59],[74.94,21.6],[74.9,21.63],[74.85,21.62],[74.79,21.61],[74.74,21.62],[74.69,21.64],[74.64,21.66],[74.59,21.68],[74.56,21.71],[74.51,21.73],[74.5,21.8],[74.52,21.86],[74.53,21.91],[74.5,21.95],[74.45,21.97],[74.44,22.02],[74.38,22.01],[74.35,21.98],[74.3,21.96],[74.27,21.93],[74.21,21.93],[74.16,21.95],[74.13,21.99],[74.1,22.02],[74.14,22.04],[74.17,22.08],[74.13,22.1],[74.14,22.16],[74.12,22.21],[74.07,22.23],[74.06,22.29],[74.08,22.34],[74.11,22.37],[74.14,22.33],[74.2,22.33],[74.23,22.36],[74.26,22.39],[74.25,22.44],[74.2,22.46],[74.17,22.43],[74.14,22.46],[74.11,22.43],[74.08,22.47],[74.05,22.5],[74.06,22.55],[74.12,22.54],[74.18,22.55],[74.22,22.58],[74.25,22.62],[74.29,22.64],[74.36,22.64],[74.39,22.68],[74.4,22.73],[74.43,22.76],[74.45,22.81],[74.48,22.86],[74.46,22.91],[74.4,22.9],[74.37,22.93],[74.34,22.96],[74.35,23.02],[74.32,23.06],[74.36,23.08],[74.39,23.11],[74.45,23.09],[74.51,23.09],[74.55,23.12],[74.59,23.14],[74.64,23.17],[74.69,23.2],[74.75,23.21],[74.7,23.23],[74.68,23.28],[74.63,23.26],[74.58,23.3],[74.53,23.32],[74.56,23.36],[74.57,23.42],[74.61,23.45],[74.66,23.47],[74.69,23.5],[74.74,23.52],[74.79,23.55],[74.85,23.56],[74.88,23.59],[74.91,23.62],[74.92,23.67],[74.93,23.73],[74.93,23.8],[74.91,23.84],[74.91,23.91],[74.93,23.95],[74.97,23.98],[74.99,24.03],[74.97,24.08],[74.94,24.12],[74.9,24.17],[74.88,24.21],[74.91,24.25],[74.88,24.28],[74.82,24.28],[74.75,24.28],[74.78,24.32],[74.79,24.37],[74.83,24.41],[74.86,24.45],[74.82,24.47],[74.77,24.49],[74.72,24.51],[74.75,24.55],[74.76,24.6],[74.79,24.65],[74.78,24.7],[74.79,24.75],[74.81,24.8],[74.83,24.75],[74.85,24.7],[74.89,24.66],[74.95,24.67],[74.99,24.71],[75.02,24.75],[75.0,24.8],[74.94,24.79],[74.88,24.8],[74.86,24.85],[74.84,24.9],[74.82,24.94],[74.86,24.97],[74.9,24.94],[74.92,24.89],[74.98,24.88],[75.03,24.86],[75.07,24.89],[75.12,24.9],[75.12,24.96],[75.16,24.99],[75.16,25.05],[75.2,25.03],[75.26,25.04],[75.34,25.04],[75.32,25.0],[75.34,24.96],[75.32,24.91],[75.29,24.95],[75.27,24.91],[75.29,24.87],[75.34,24.89],[75.4,24.89],[75.36,24.84],[75.32,24.82],[75.28,24.85],[75.24,24.87],[75.21,24.91],[75.22,24.86],[75.25,24.83],[75.21,24.81],[75.19,24.76],[75.22,24.72],[75.29,24.73],[75.35,24.72],[75.4,24.7],[75.48,24.7],[75.53,24.72],[75.6,24.7],[75.66,24.7],[75.71,24.75],[75.76,24.76],[75.83,24.74],[75.83,24.67],[75.84,24.62],[75.88,24.59],[75.92,24.57],[75.91,24.51],[75.9,24.45],[75.86,24.42],[75.81,24.44],[75.75,24.43],[75.74,24.37],[75.76,24.33],[75.81,24.3],[75.83,24.25],[75.79,24.22],[75.76,24.18],[75.74,24.14],[75.78,24.12],[75.84,24.11],[75.82,24.07],[75.78,24.04],[75.76,23.99],[75.72,23.97],[75.68,24.0],[75.65,24.03],[75.62,24.0],[75.57,24.02],[75.51,24.05],[75.49,24.0],[75.46,23.97],[75.48,23.91],[75.53,23.88],[75.57,23.85],[75.58,23.8],[75.64,23.8],[75.68,23.78],[75.71,23.82],[75.73,23.86],[75.7,23.89],[75.76,23.88],[75.83,23.88],[75.89,23.89],[75.94,23.91],[75.98,23.93],[75.96,23.99],[75.98,24.03],[76.03,24.05],[76.08,24.08],[76.13,24.1],[76.13,24.17],[76.14,24.22],[76.15,24.27],[76.17,24.32],[76.2,24.29],[76.21,24.23],[76.27,24.22],[76.31,24.25],[76.37,24.24],[76.41,24.21],[76.46,24.23],[76.5,24.21],[76.52,24.16],[76.57,24.18],[76.59,24.22],[76.62,24.26],[76.68,24.27],[76.67,24.19],[76.71,24.16],[76.76,24.17],[76.79,24.13],[76.85,24.14],[76.9,24.13],[76.92,24.19],[76.91,24.24],[76.87,24.27],[76.84,24.33],[76.85,24.39],[76.84,24.45],[76.83,24.5],[76.84,24.55],[76.89,24.53],[76.92,24.48],[76.97,24.46],[77.01,24.49],[77.04,24.53],[77.06,24.59],[77.05,24.65],[77.03,24.7],[76.99,24.72],[76.96,24.75],[76.89,24.75],[76.85,24.77],[76.82,24.8],[76.84,24.84],[76.9,24.84],[76.94,24.87],[76.92,24.92],[76.88,24.95],[76.86,25.01],[76.9,25.03],[76.95,25.05],[76.99,25.08],[77.04,25.07],[77.11,25.07],[77.14,25.1],[77.2,25.12],[77.26,25.12],[77.29,25.09],[77.35,25.1],[77.39,25.12],[77.39,25.19],[77.38,25.25],[77.37,25.31],[77.34,25.34],[77.35,25.4],[77.32,25.43],[77.27,25.41],[77.23,25.38],[77.22,25.33],[77.16,25.31],[77.12,25.34],[77.07,25.33],[77.02,25.3],[76.96,25.3],[76.9,25.32],[76.85,25.33],[76.77,25.32],[76.74,25.35],[76.67,25.35],[76.63,25.38],[76.6,25.41],[76.57,25.44],[76.55,25.49],[76.52,25.52],[76.51,25.58],[76.51,25.64],[76.49,25.68],[76.5,25.73],[76.53,25.8],[76.57,25.84],[76.6,25.88],[76.64,25.9],[76.7,25.91],[76.76,25.92],[76.81,25.95],[76.83,26.0],[76.86,26.05],[76.89,26.09],[76.94,26.11],[76.99,26.13],[77.01,26.17],[77.06,26.19],[77.11,26.21],[77.15,26.24],[77.24,26.26],[77.29,26.3],[77.32,26.35],[77.36,26.37],[77.42,26.37],[77.46,26.41],[77.52,26.41],[77.55,26.44],[77.61,26.46],[77.65,26.49],[77.71,26.5],[77.74,26.54],[77.8,26.55],[77.82,26.6],[77.87,26.62],[77.9,26.67],[77.97,26.68],[78.01,26.7],[78.06,26.68],[78.09,26.72],[78.12,26.75],[78.09,26.78],[78.15,26.79],[78.18,26.83],[78.25,26.82],[78.28,26.86],[78.34,26.87],[78.36,26.87]]]]}},{"type":"Feature","properties":{"state":"Maharashtra"},"geometry":{"type":"MultiPolygon","coordinates":[[[[74.44,22.03],[74.45,21.98],[74.49,21.95],[74.52,21.91],[74.51,21.82],[74.52,21.76],[74.54,21.72],[74.57,21.68],[74.61,21.66],[74.67,21.65],[74.72,21.63],[74.78,21.62],[74.84,21.62],[74.9,21.63],[74.94,21.6],[75.0,21.59],[75.05,21.57],[75.08,21.54],[75.09,21.49],[75.12,21.45],[75.19,21.43],[75.24,21.41],[75.3,21.42],[75.33,21.39],[75.39,21.38],[75.45,21.39],[75.51,21.39],[75.57,21.38],[75.62,21.39],[75.68,21.38],[75.74,21.39],[75.8,21.39],[75.86,21.39],[75.92,21.39],[75.98,21.38],[76.04,21.36],[76.1,21.37],[76.12,21.32],[76.15,21.28],[76.16,21.22],[76.17,21.17],[76.11,21.17],[76.14,21.14],[76.17,21.11],[76.23,21.09],[76.29,21.08],[76.36,21.08],[76.41,21.11],[76.46,21.13],[76.48,21.18],[76.54,21.2],[76.61,21.2],[76.64,21.24],[76.65,21.3],[76.62,21.34],[76.67,21.37],[76.72,21.4],[76.76,21.45],[76.79,21.48],[76.76,21.52],[76.78,21.58],[76.84,21.6],[76.9,21.6],[76.98,21.67],[77.03,21.7],[77.08,21.72],[77.15,21.71],[77.21,21.69],[77.26,21.72],[77.29,21.76],[77.38,21.76],[77.44,21.76],[77.5,21.75],[77.53,21.72],[77.56,21.67],[77.57,21.61],[77.58,21.56],[77.53,21.54],[77.47,21.55],[77.42,21.53],[77.44,21.48],[77.47,21.45],[77.48,21.4],[77.53,21.38],[77.58,21.36],[77.61,21.39],[77.66,21.37],[77.72,21.36],[77.75,21.39],[77.8,21.41],[77.85,21.39],[77.9,21.38],[77.96,21.4],[78.0,21.42],[78.04,21.44],[78.09,21.46],[78.14,21.48],[78.17,21.51],[78.18,21.56],[78.24,21.57],[78.28,21.59],[78.34,21.59],[78.37,21.62],[78.42,21.6],[78.43,21.54],[78.46,21.5],[78.5,21.52],[78.56,21.52],[78.59,21.49],[78.65,21.48],[78.71,21.47],[78.75,21.49],[78.81,21.49],[78.88,21.49],[78.94,21.51],[78.9,21.55],[78.93,21.59],[78.97,21.62],[79.01,21.6],[79.08,21.61],[79.13,21.63],[79.19,21.65],[79.23,21.67],[79.26,21.72],[79.32,21.69],[79.38,21.68],[79.43,21.69],[79.49,21.67],[79.51,21.63],[79.53,21.57],[79.57,21.54],[79.61,21.56],[79.66,21.58],[79.73,21.6],[79.79,21.58],[79.83,21.55],[79.87,21.53],[79.92,21.55],[79.99,21.54],[80.03,21.56],[80.08,21.58],[80.11,21.61],[80.17,21.62],[80.23,21.62],[80.28,21.6],[80.32,21.57],[80.35,21.54],[80.37,21.5],[80.4,21.47],[80.39,21.41],[80.42,21.38],[80.47,21.4],[80.52,21.38],[80.56,21.36],[80.59,21.33],[80.65,21.33],[80.64,21.28],[80.61,21.24],[80.57,21.22],[80.52,21.2],[80.48,21.17],[80.45,21.14],[80.44,21.09],[80.45,21.04],[80.44,20.99],[80.46,20.94],[80.51,20.93],[80.55,20.9],[80.55,20.83],[80.55,20.76],[80.56,20.71],[80.54,20.66],[80.49,20.64],[80.5,20.59],[80.56,20.61],[80.62,20.61],[80.61,20.56],[80.61,20.49],[80.6,20.44],[80.59,20.38],[80.62,20.34],[80.58,20.32],[80.54,20.29],[80.49,20.27],[80.42,20.25],[80.41,20.2],[80.38,20.16],[80.43,20.13],[80.49,20.14],[80.53,20.12],[80.55,20.07],[80.54,20.01],[80.53,19.95],[80.48,19.93],[80.44,19.95],[80.4,19.91],[80.46,19.9],[80.5,19.88],[80.47,19.84],[80.43,19.81],[80.39,19.79],[80.45,19.79],[80.48,19.83],[80.54,19.82],[80.55,19.76],[80.59,19.73],[80.64,19.71],[80.67,19.67],[80.66,19.62],[80.72,19.61],[80.76,19.59],[80.79,19.56],[80.84,19.54],[80.89,19.51],[80.88,19.45],[80.81,19.43],[80.82,19.37],[80.8,19.32],[80.75,19.29],[80.69,19.28],[80.67,19.33],[80.63,19.31],[80.59,19.34],[80.57,19.4],[80.53,19.37],[80.5,19.34],[80.46,19.31],[80.44,19.26],[80.39,19.24],[80.38,19.18],[80.34,19.15],[80.33,19.1],[80.3,19.06],[80.27,19.0],[80.26,18.94],[80.29,18.91],[80.32,18.87],[80.35,18.83],[80.31,18.79],[80.27,18.76],[80.25,18.7],[80.19,18.69],[80.13,18.69],[80.07,18.7],[80.03,18.75],[79.99,18.77],[79.93,18.78],[79.89,18.83],[79.93,18.85],[79.94,18.92],[79.93,19.0],[79.92,19.05],[79.86,19.03],[79.86,19.1],[79.91,19.14],[79.94,19.17],[79.92,19.22],[79.95,19.28],[79.96,19.35],[79.97,19.4],[79.95,19.45],[79.92,19.48],[79.88,19.5],[79.83,19.54],[79.79,19.58],[79.75,19.6],[79.71,19.58],[79.64,19.58],[79.61,19.54],[79.58,19.5],[79.55,19.53],[79.49,19.51],[79.44,19.53],[79.39,19.55],[79.34,19.57],[79.3,19.59],[79.24,19.61],[79.24,19.54],[79.21,19.5],[79.18,19.46],[79.14,19.5],[79.1,19.52],[79.05,19.55],[78.99,19.56],[78.96,19.62],[78.94,19.67],[78.88,19.66],[78.86,19.71],[78.85,19.76],[78.78,19.78],[78.72,19.77],[78.65,19.8],[78.6,19.82],[78.53,19.82],[78.5,19.79],[78.46,19.82],[78.4,19.84],[78.38,19.88],[78.32,19.89],[78.29,19.85],[78.34,19.83],[78.37,19.79],[78.35,19.74],[78.32,19.7],[78.27,19.67],[78.3,19.63],[78.31,19.58],[78.3,19.53],[78.31,19.48],[78.28,19.45],[78.23,19.43],[78.18,19.41],[78.19,19.34],[78.18,19.28],[78.15,19.23],[78.1,19.25],[78.05,19.27],[78.02,19.3],[77.97,19.33],[77.91,19.32],[77.86,19.3],[77.9,19.28],[77.87,19.25],[77.85,19.21],[77.84,19.14],[77.83,19.09],[77.8,19.06],[77.76,19.03],[77.78,18.98],[77.81,18.95],[77.84,18.91],[77.89,18.89],[77.93,18.86],[77.86,18.81],[77.82,18.77],[77.8,18.72],[77.75,18.7],[77.73,18.65],[77.75,18.59],[77.71,18.55],[77.66,18.53],[77.61,18.55],[77.59,18.5],[77.56,18.47],[77.53,18.43],[77.52,18.36],[77.55,18.33],[77.51,18.3],[77.48,18.27],[77.43,18.29],[77.38,18.31],[77.4,18.35],[77.39,18.4],[77.36,18.43],[77.33,18.46],[77.29,18.43],[77.25,18.41],[77.22,18.35],[77.2,18.3],[77.17,18.27],[77.15,18.22],[77.11,18.2],[77.09,18.15],[77.05,18.17],[76.99,18.18],[76.94,18.15],[76.97,18.1],[76.95,18.05],[76.92,18.02],[76.91,17.94],[76.88,17.9],[76.83,17.88],[76.77,17.88],[76.79,17.83],[76.76,17.79],[76.71,17.78],[76.73,17.74],[76.69,17.71],[76.63,17.73],[76.6,17.76],[76.58,17.7],[76.56,17.75],[76.52,17.72],[76.48,17.68],[76.45,17.65],[76.42,17.61],[76.36,17.6],[76.33,17.57],[76.36,17.54],[76.34,17.49],[76.33,17.43],[76.37,17.41],[76.41,17.37],[76.38,17.32],[76.34,17.35],[76.3,17.33],[76.27,17.36],[76.2,17.36],[76.17,17.33],[76.12,17.37],[76.09,17.34],[76.02,17.35],[75.96,17.33],[75.91,17.35],[75.89,17.41],[75.83,17.42],[75.82,17.37],[75.77,17.41],[75.71,17.41],[75.68,17.45],[75.64,17.48],[75.62,17.42],[75.59,17.38],[75.62,17.33],[75.63,17.27],[75.66,17.24],[75.64,17.19],[75.65,17.14],[75.68,17.1],[75.66,17.06],[75.67,17.0],[75.65,16.95],[75.61,16.97],[75.58,17.01],[75.57,16.96],[75.51,16.95],[75.48,16.98],[75.43,16.96],[75.39,16.98],[75.35,16.95],[75.28,16.95],[75.29,16.9],[75.27,16.86],[75.22,16.84],[75.19,16.87],[75.14,16.89],[75.1,16.91],[75.07,16.94],[75.0,16.95],[74.96,16.93],[74.94,16.88],[74.91,16.84],[74.92,16.79],[74.87,16.77],[74.8,16.75],[74.75,16.73],[74.71,16.71],[74.67,16.66],[74.69,16.61],[74.64,16.59],[74.6,16.56],[74.57,16.59],[74.53,16.63],[74.48,16.65],[74.47,16.6],[74.42,16.58],[74.39,16.53],[74.35,16.55],[74.32,16.52],[74.27,16.54],[74.29,16.5],[74.31,16.45],[74.34,16.41],[74.36,16.36],[74.32,16.34],[74.34,16.3],[74.39,16.28],[74.44,16.25],[74.5,16.24],[74.51,16.19],[74.49,16.15],[74.5,16.1],[74.44,16.11],[74.4,16.08],[74.38,16.04],[74.43,16.06],[74.47,16.03],[74.45,15.98],[74.41,15.93],[74.4,15.87],[74.35,15.86],[74.39,15.84],[74.37,15.78],[74.32,15.76],[74.26,15.74],[74.24,15.78],[74.2,15.75],[74.16,15.73],[74.13,15.68],[74.1,15.64],[74.04,15.62],[73.98,15.63],[73.97,15.68],[73.95,15.73],[73.91,15.75],[73.88,15.78],[73.84,15.75],[73.8,15.73],[73.74,15.73],[73.68,15.72],[73.65,15.75],[73.66,15.81],[73.63,15.84],[73.6,15.88],[73.57,15.91],[73.53,15.94],[73.5,15.97],[73.49,16.02],[73.46,16.05],[73.46,16.12],[73.44,16.17],[73.45,16.22],[73.42,16.25],[73.41,16.3],[73.39,16.35],[73.4,16.4],[73.36,16.42],[73.34,16.47],[73.32,16.51],[73.33,16.56],[73.36,16.52],[73.39,16.55],[73.35,16.57],[73.32,16.6],[73.34,16.64],[73.33,16.69],[73.31,16.74],[73.32,16.8],[73.29,16.84],[73.31,16.89],[73.28,16.92],[73.29,16.97],[73.28,17.02],[73.29,17.07],[73.27,17.11],[73.26,17.17],[73.24,17.21],[73.22,17.26],[73.19,17.3],[73.23,17.28],[73.22,17.33],[73.21,17.38],[73.17,17.41],[73.2,17.44],[73.19,17.49],[73.16,17.53],[73.17,17.58],[73.14,17.61],[73.13,17.66],[73.14,17.71],[73.12,17.76],[73.1,17.8],[73.12,17.84],[73.08,17.86],[73.05,17.9],[73.08,17.93],[73.03,17.95],[73.02,18.0],[73.04,18.04],[72.99,18.05],[72.98,18.11],[72.99,18.17],[72.96,18.21],[72.94,18.26],[72.98,18.24],[73.04,18.24],[73.07,18.2],[73.09,18.16],[73.06,18.19],[73.08,18.24],[73.05,18.28],[73.08,18.32],[73.04,18.29],[72.99,18.28],[72.96,18.32],[72.92,18.35],[72.91,18.4],[72.9,18.46],[72.91,18.52],[72.92,18.57],[72.89,18.61],[72.86,18.65],[72.86,18.71],[72.87,18.76],[72.9,18.8],[72.94,18.83],[72.97,18.79],[72.98,18.84],[72.92,18.85],[72.91,18.9],[72.96,18.92],[72.97,18.97],[73.02,18.99],[73.0,19.04],[72.96,19.06],[72.94,19.01],[72.88,19.01],[72.85,18.98],[72.84,18.92],[72.81,18.89],[72.82,18.95],[72.81,19.01],[72.84,19.05],[72.83,19.1],[72.8,19.14],[72.83,19.17],[72.8,19.14],[72.8,19.21],[72.83,19.25],[72.8,19.22],[72.78,19.27],[72.79,19.32],[72.77,19.36],[72.76,19.42],[72.74,19.46],[72.78,19.49],[72.74,19.51],[72.72,19.56],[72.73,19.61],[72.71,19.65],[72.71,19.71],[72.72,19.76],[72.69,19.8],[72.65,19.83],[72.68,19.86],[72.68,19.92],[72.7,19.97],[72.74,19.94],[72.72,19.99],[72.71,20.04],[72.73,20.08],[72.74,20.14],[72.79,20.13],[72.83,20.16],[72.85,20.21],[72.89,20.23],[72.95,20.22],[72.98,20.18],[72.97,20.13],[73.01,20.11],[73.04,20.08],[73.1,20.09],[73.16,20.07],[73.21,20.09],[73.23,20.13],[73.28,20.15],[73.29,20.2],[73.36,20.2],[73.42,20.2],[73.42,20.26],[73.43,20.31],[73.42,20.36],[73.39,20.39],[73.43,20.41],[73.45,20.47],[73.48,20.5],[73.49,20.56],[73.45,20.59],[73.42,20.63],[73.44,20.68],[73.48,20.72],[73.5,20.66],[73.56,20.65],[73.62,20.63],[73.64,20.58],[73.68,20.56],[73.74,20.57],[73.78,20.59],[73.83,20.61],[73.85,20.66],[73.82,20.69],[73.87,20.71],[73.93,20.73],[73.94,20.79],[73.95,20.84],[73.93,20.89],[73.9,20.93],[73.88,20.99],[73.82,21.0],[73.77,21.02],[73.74,21.06],[73.75,21.11],[73.69,21.1],[73.64,21.12],[73.6,21.16],[73.64,21.13],[73.68,21.15],[73.74,21.14],[73.78,21.16],[73.83,21.18],[73.82,21.23],[73.86,21.27],[73.92,21.28],[73.95,21.32],[73.96,21.39],[74.01,21.41],[74.05,21.44],[74.09,21.46],[74.15,21.45],[74.21,21.46],[74.26,21.47],[74.31,21.49],[74.34,21.54],[74.31,21.57],[74.27,21.54],[74.21,21.54],[74.16,21.56],[74.1,21.56],[74.04,21.55],[73.98,21.54],[73.94,21.51],[73.88,21.51],[73.84,21.54],[73.82,21.6],[73.84,21.64],[73.89,21.66],[73.88,21.72],[73.83,21.76],[73.82,21.81],[73.86,21.84],[73.92,21.86],[73.98,21.89],[74.04,21.92],[74.1,21.94],[74.15,21.95],[74.2,21.93],[74.26,21.93],[74.3,21.96],[74.34,21.98],[74.38,22.01],[74.42,22.03],[74.44,22.03]]]]}},{"type":"Feature","properties":{"state":"Manipur"},"geometry":{"type":"MultiPolygon","coordinates":[[[[94.58,25.65],[94.57,25.6],[94.56,25.54],[94.59,25.5],[94.63,25.47],[94.68,25.46],[94.67,25.41],[94.63,25.39],[94.62,25.33],[94.6,25.29],[94.59,25.23],[94.62,25.19],[94.67,25.17],[94.73,25.14],[94.75,25.09],[94.74,25.03],[94.71,24.99],[94.72,24.94],[94.69,24.91],[94.66,24.88],[94.63,24.83],[94.63,24.76],[94.6,24.72],[94.55,24.7],[94.54,24.64],[94.51,24.6],[94.47,24.58],[94.45,24.53],[94.42,24.49],[94.41,24.44],[94.38,24.41],[94.36,24.35],[94.33,24.32],[94.31,24.26],[94.29,24.21],[94.27,24.17],[94.26,24.11],[94.25,24.06],[94.23,24.01],[94.2,23.98],[94.19,23.93],[94.17,23.86],[94.13,23.84],[94.1,23.88],[94.05,23.9],[94.02,23.93],[93.96,23.94],[93.91,23.96],[93.85,23.94],[93.8,23.96],[93.77,24.0],[93.71,24.01],[93.64,24.01],[93.61,23.98],[93.55,23.97],[93.49,23.96],[93.46,24.0],[93.43,24.06],[93.39,24.09],[93.35,24.11],[93.34,24.05],[93.28,24.04],[93.25,24.09],[93.22,24.06],[93.17,24.08],[93.13,24.06],[93.09,24.09],[93.03,24.1],[92.99,24.12],[93.01,24.16],[93.02,24.22],[93.01,24.28],[93.04,24.32],[93.02,24.36],[93.03,24.41],[93.04,24.46],[93.05,24.52],[93.06,24.57],[93.09,24.61],[93.1,24.67],[93.1,24.74],[93.11,24.79],[93.17,24.8],[93.2,24.84],[93.23,24.88],[93.25,24.93],[93.26,24.99],[93.27,25.05],[93.31,25.07],[93.34,25.1],[93.35,25.16],[93.37,25.2],[93.39,25.25],[93.42,25.28],[93.47,25.3],[93.51,25.28],[93.54,25.25],[93.59,25.22],[93.64,25.25],[93.67,25.3],[93.69,25.35],[93.73,25.38],[93.76,25.41],[93.79,25.44],[93.81,25.5],[93.76,25.52],[93.81,25.54],[93.86,25.56],[93.92,25.57],[93.98,25.57],[94.01,25.6],[94.06,25.57],[94.1,25.54],[94.14,25.52],[94.17,25.55],[94.2,25.52],[94.25,25.5],[94.31,25.49],[94.36,25.52],[94.4,25.54],[94.43,25.57],[94.47,25.62],[94.52,25.64],[94.55,25.67],[94.59,25.69],[94.58,25.65]]]]}},{"type":"Feature","properties":{"state":"Meghalaya"},"geometry":{"type":"MultiPolygon","coordinates":[[[[91.85,26.1],[91.87,26.06],[91.91,26.03],[91.95,26.01],[91.99,26.04],[92.05,26.03],[92.09,26.05],[92.15,26.06],[92.21,26.07],[92.27,26.07],[92.22,26.0],[92.18,25.97],[92.16,25.93],[92.2,25.91],[92.18,25.86],[92.16,25.82],[92.16,25.74],[92.17,25.68],[92.22,25.71],[92.28,25.72],[92.34,25.73],[92.39,25.75],[92.43,25.73],[92.46,25.68],[92.49,25.65],[92.53,25.62],[92.56,25.59],[92.59,25.55],[92.63,25.58],[92.64,25.53],[92.59,25.5],[92.57,25.46],[92.61,25.44],[92.65,25.42],[92.7,25.39],[92.74,25.36],[92.78,25.33],[92.79,25.28],[92.76,25.25],[92.8,25.22],[92.74,25.2],[92.69,25.18],[92.66,25.15],[92.62,25.12],[92.57,25.13],[92.53,25.1],[92.48,25.08],[92.46,25.04],[92.39,25.04],[92.35,25.06],[92.29,25.08],[92.24,25.1],[92.2,25.13],[92.14,25.14],[92.11,25.17],[92.07,25.19],[92.0,25.19],[91.94,25.18],[91.88,25.18],[91.82,25.18],[91.76,25.17],[91.72,25.15],[91.67,25.13],[91.63,25.15],[91.58,25.17],[91.54,25.14],[91.48,25.14],[91.44,25.16],[91.38,25.17],[91.32,25.18],[91.27,25.2],[91.21,25.2],[91.15,25.19],[91.1,25.2],[91.04,25.19],[90.99,25.17],[90.93,25.16],[90.87,25.16],[90.82,25.17],[90.75,25.16],[90.69,25.16],[90.66,25.19],[90.6,25.18],[90.54,25.17],[90.49,25.16],[90.43,25.15],[90.38,25.16],[90.35,25.19],[90.29,25.2],[90.24,25.21],[90.18,25.22],[90.13,25.23],[90.08,25.25],[90.03,25.27],[89.98,25.29],[89.92,25.31],[89.88,25.29],[89.84,25.32],[89.82,25.36],[89.83,25.41],[89.85,25.46],[89.88,25.5],[89.89,25.56],[89.95,25.57],[90.0,25.59],[89.98,25.64],[89.94,25.67],[89.91,25.71],[89.93,25.75],[89.95,25.81],[89.99,25.84],[90.02,25.87],[90.06,25.91],[90.09,25.94],[90.14,25.96],[90.18,25.94],[90.23,25.96],[90.29,25.96],[90.33,25.99],[90.38,26.01],[90.42,25.99],[90.47,26.01],[90.51,25.98],[90.53,25.93],[90.58,25.96],[90.63,25.94],[90.69,25.95],[90.75,25.96],[90.74,25.91],[90.79,25.94],[90.86,25.94],[90.91,25.92],[90.95,25.94],[90.97,25.89],[91.03,25.89],[91.01,25.84],[91.07,25.85],[91.12,25.83],[91.17,25.85],[91.19,25.8],[91.19,25.74],[91.26,25.75],[91.3,25.78],[91.33,25.83],[91.38,25.85],[91.44,25.84],[91.48,25.86],[91.53,25.88],[91.47,25.87],[91.51,25.91],[91.53,25.96],[91.57,26.0],[91.62,26.02],[91.64,25.96],[91.65,25.91],[91.7,25.94],[91.72,26.0],[91.73,26.05],[91.78,26.09],[91.82,26.12],[91.85,26.1]]]]}},{"type":"Feature","properties":{"state":"Mizoram"},"geometry":{"type":"MultiPolygon","coordinates":[[[[92.8,24.42],[92.83,24.39],[92.89,24.4],[92.95,24.4],[93.02,24.39],[93.03,24.34],[93.02,24.29],[93.03,24.23],[93.0,24.2],[92.99,24.15],[93.01,24.11],[93.07,24.09],[93.1,24.06],[93.14,24.08],[93.18,24.05],[93.23,24.07],[93.26,24.03],[93.31,24.05],[93.34,24.02],[93.36,23.96],[93.39,23.93],[93.4,23.88],[93.41,23.82],[93.41,23.75],[93.42,23.7],[93.43,23.65],[93.43,23.58],[93.42,23.53],[93.4,23.48],[93.4,23.41],[93.39,23.36],[93.38,23.31],[93.38,23.24],[93.39,23.19],[93.38,23.14],[93.36,23.09],[93.34,23.04],[93.3,23.01],[93.24,23.01],[93.21,23.05],[93.15,23.06],[93.13,23.02],[93.15,22.98],[93.16,22.92],[93.13,22.88],[93.11,22.83],[93.11,22.75],[93.1,22.7],[93.11,22.65],[93.14,22.61],[93.12,22.56],[93.13,22.5],[93.15,22.46],[93.19,22.43],[93.2,22.38],[93.2,22.31],[93.19,22.25],[93.16,22.22],[93.13,22.18],[93.09,22.21],[93.04,22.19],[93.05,22.13],[93.01,22.1],[93.0,22.05],[93.01,22.0],[92.97,22.02],[92.92,21.99],[92.89,22.02],[92.87,22.07],[92.82,22.09],[92.77,22.11],[92.74,22.14],[92.7,22.1],[92.69,22.05],[92.66,22.02],[92.63,21.98],[92.6,22.02],[92.59,22.08],[92.57,22.12],[92.61,22.14],[92.6,22.19],[92.6,22.26],[92.59,22.32],[92.57,22.37],[92.56,22.43],[92.55,22.48],[92.54,22.54],[92.54,22.6],[92.53,22.65],[92.52,22.7],[92.49,22.75],[92.47,22.8],[92.46,22.85],[92.43,22.89],[92.4,22.92],[92.38,22.96],[92.39,23.02],[92.38,23.09],[92.36,23.14],[92.37,23.19],[92.36,23.24],[92.41,23.26],[92.39,23.31],[92.38,23.36],[92.36,23.41],[92.34,23.46],[92.32,23.5],[92.31,23.56],[92.29,23.61],[92.29,23.67],[92.28,23.72],[92.27,23.77],[92.28,23.82],[92.29,23.87],[92.33,23.9],[92.31,23.95],[92.33,24.0],[92.32,24.05],[92.33,24.1],[92.34,24.15],[92.32,24.19],[92.3,24.24],[92.38,24.25],[92.42,24.22],[92.43,24.17],[92.47,24.13],[92.5,24.16],[92.54,24.2],[92.56,24.25],[92.62,24.26],[92.62,24.33],[92.67,24.35],[92.71,24.39],[92.72,24.44],[92.75,24.49],[92.79,24.46],[92.8,24.42]]]]}},{"type":"Feature","properties":{"state":"Nagaland"},"geometry":{"type":"MultiPolygon","coordinates":[[[[95.21,26.94],[95.23,26.9],[95.18,26.86],[95.21,26.81],[95.23,26.77],[95.24,26.71],[95.22,26.66],[95.17,26.63],[95.15,26.58],[95.11,26.55],[95.1,26.5],[95.07,26.47],[95.1,26.43],[95.13,26.4],[95.13,26.33],[95.12,26.27],[95.14,26.22],[95.12,26.17],[95.12,26.11],[95.18,26.09],[95.17,26.04],[95.14,26.0],[95.11,25.97],[95.07,25.95],[95.03,25.92],[95.02,25.87],[95.04,25.82],[95.05,25.76],[95.0,25.73],[94.97,25.7],[94.94,25.66],[94.92,25.61],[94.89,25.58],[94.85,25.56],[94.82,25.52],[94.78,25.49],[94.73,25.47],[94.67,25.46],[94.61,25.48],[94.57,25.51],[94.56,25.57],[94.58,25.62],[94.59,25.67],[94.54,25.65],[94.5,25.62],[94.45,25.6],[94.43,25.55],[94.36,25.52],[94.32,25.5],[94.25,25.5],[94.2,25.52],[94.17,25.55],[94.14,25.52],[94.09,25.54],[94.06,25.57],[94.01,25.6],[93.98,25.57],[93.92,25.56],[93.86,25.56],[93.82,25.54],[93.77,25.52],[93.81,25.5],[93.8,25.45],[93.76,25.42],[93.74,25.38],[93.69,25.36],[93.67,25.31],[93.64,25.27],[93.62,25.22],[93.57,25.23],[93.52,25.25],[93.49,25.28],[93.46,25.32],[93.48,25.38],[93.46,25.43],[93.4,25.46],[93.38,25.5],[93.35,25.53],[93.37,25.57],[93.4,25.6],[93.44,25.63],[93.48,25.65],[93.52,25.68],[93.55,25.71],[93.57,25.76],[93.61,25.78],[93.64,25.82],[93.68,25.84],[93.69,25.9],[93.73,25.93],[93.77,25.96],[93.79,25.92],[93.79,25.86],[93.87,25.86],[93.92,25.89],[93.97,25.91],[93.96,25.97],[93.96,26.03],[93.99,26.07],[94.0,26.12],[94.01,26.18],[94.04,26.21],[94.06,26.26],[94.09,26.3],[94.12,26.34],[94.18,26.34],[94.18,26.41],[94.2,26.47],[94.23,26.5],[94.26,26.54],[94.29,26.5],[94.32,26.46],[94.35,26.5],[94.38,26.53],[94.41,26.57],[94.43,26.63],[94.46,26.67],[94.51,26.68],[94.54,26.71],[94.6,26.72],[94.66,26.72],[94.7,26.74],[94.74,26.77],[94.79,26.8],[94.82,26.84],[94.85,26.88],[94.87,26.92],[94.92,26.95],[94.97,26.93],[95.03,26.93],[95.09,26.95],[95.12,26.98],[95.15,27.01],[95.2,27.04],[95.21,26.98],[95.21,26.94]]]]}},{"type":"Feature","properties":{"state":"Orissa"},"geometry":{"type":"MultiPolygon","coordinates":[[[[86.87,20.77],[86.93,20.77],[87.0,20.77],[86.99,20.71],[86.93,20.72],[86.89,20.7],[86.86,20.66],[86.88,20.71],[86.86,20.66],[86.82,20.68],[86.79,20.64],[86.8,20.7],[86.82,20.75],[86.85,20.78],[86.87,20.77]]],[[[86.08,22.53],[86.11,22.48],[86.17,22.48],[86.22,22.46],[86.26,22.44],[86.3,22.41],[86.33,22.37],[86.36,22.34],[86.4,22.32],[86.46,22.33],[86.51,22.32],[86.56,22.3],[86.59,22.27],[86.65,22.26],[86.68,22.22],[86.72,22.19],[86.73,22.14],[86.79,22.15],[86.82,22.11],[86.91,22.09],[86.97,22.08],[87.0,22.04],[87.03,22.0],[87.01,21.95],[87.0,21.9],[87.05,21.86],[87.1,21.88],[87.12,21.92],[87.16,21.95],[87.22,21.95],[87.24,21.9],[87.25,21.85],[87.27,21.8],[87.33,21.79],[87.37,21.77],[87.43,21.76],[87.47,21.73],[87.46,21.67],[87.48,21.63],[87.45,21.59],[87.41,21.57],[87.36,21.55],[87.3,21.56],[87.24,21.55],[87.18,21.54],[87.14,21.52],[87.1,21.5],[87.07,21.47],[87.03,21.44],[86.99,21.42],[86.96,21.39],[86.93,21.35],[86.9,21.32],[86.88,21.28],[86.85,21.25],[86.83,21.2],[86.82,21.15],[86.84,21.11],[86.86,21.06],[86.89,21.02],[86.91,20.97],[86.93,20.93],[86.95,20.88],[86.97,20.83],[86.96,20.78],[86.9,20.79],[86.85,20.78],[86.82,20.75],[86.8,20.7],[86.77,20.66],[86.81,20.64],[86.84,20.67],[86.89,20.69],[86.93,20.71],[86.99,20.7],[87.04,20.71],[87.01,20.68],[86.97,20.66],[86.93,20.63],[86.89,20.61],[86.85,20.59],[86.82,20.56],[86.78,20.53],[86.75,20.5],[86.73,20.45],[86.75,20.4],[86.79,20.38],[86.77,20.34],[86.74,20.31],[86.7,20.28],[86.66,20.25],[86.61,20.23],[86.57,20.21],[86.52,20.19],[86.47,20.17],[86.48,20.12],[86.51,20.17],[86.55,20.2],[86.52,20.16],[86.49,20.13],[86.46,20.09],[86.43,20.05],[86.41,20.01],[86.38,19.98],[86.34,20.01],[86.3,20.04],[86.25,20.06],[86.28,20.02],[86.32,19.99],[86.36,19.96],[86.32,19.94],[86.27,19.92],[86.22,19.9],[86.17,19.88],[86.11,19.87],[86.06,19.85],[86.0,19.84],[85.94,19.83],[85.89,19.81],[85.83,19.8],[85.78,19.78],[85.74,19.76],[85.68,19.75],[85.64,19.73],[85.6,19.71],[85.56,19.68],[85.51,19.66],[85.47,19.64],[85.42,19.62],[85.38,19.6],[85.33,19.58],[85.29,19.55],[85.25,19.53],[85.22,19.5],[85.18,19.47],[85.14,19.45],[85.11,19.41],[85.08,19.38],[85.04,19.35],[85.0,19.33],[84.96,19.3],[84.92,19.27],[84.89,19.24],[84.85,19.21],[84.82,19.17],[84.79,19.13],[84.75,19.11],[84.72,19.14],[84.67,19.16],[84.64,19.12],[84.6,19.1],[84.63,19.07],[84.6,19.03],[84.57,19.07],[84.53,19.04],[84.49,19.02],[84.46,18.98],[84.42,19.01],[84.43,18.96],[84.42,18.9],[84.36,18.89],[84.33,18.86],[84.34,18.81],[84.3,18.78],[84.23,18.78],[84.17,18.77],[84.13,18.75],[84.07,18.75],[84.04,18.79],[83.99,18.8],[83.93,18.81],[83.88,18.82],[83.85,18.85],[83.84,18.91],[83.82,18.95],[83.79,18.99],[83.74,18.98],[83.76,18.94],[83.73,18.98],[83.7,19.02],[83.67,19.06],[83.65,19.11],[83.63,19.15],[83.59,19.12],[83.58,19.06],[83.54,19.03],[83.5,19.01],[83.51,19.06],[83.47,19.08],[83.48,19.03],[83.45,19.0],[83.44,18.95],[83.41,18.98],[83.36,19.01],[83.32,18.99],[83.33,18.94],[83.38,18.92],[83.39,18.87],[83.38,18.82],[83.34,18.79],[83.28,18.79],[83.24,18.76],[83.21,18.73],[83.17,18.76],[83.11,18.76],[83.09,18.71],[83.06,18.67],[83.02,18.64],[83.02,18.58],[83.04,18.54],[83.07,18.5],[83.04,18.46],[83.06,18.41],[83.03,18.37],[82.98,18.35],[82.92,18.36],[82.88,18.38],[82.85,18.42],[82.8,18.44],[82.79,18.38],[82.77,18.34],[82.73,18.31],[82.68,18.29],[82.64,18.26],[82.58,18.27],[82.59,18.32],[82.58,18.38],[82.53,18.4],[82.52,18.45],[82.52,18.51],[82.48,18.54],[82.44,18.5],[82.41,18.46],[82.38,18.43],[82.38,18.36],[82.35,18.33],[82.39,18.31],[82.34,18.27],[82.32,18.23],[82.31,18.17],[82.36,18.15],[82.33,18.11],[82.34,18.05],[82.28,18.06],[82.27,18.01],[82.24,17.98],[82.2,18.01],[82.16,18.04],[82.11,18.06],[82.05,18.04],[82.0,18.02],[81.96,18.0],[81.91,17.98],[81.85,17.95],[81.79,17.93],[81.76,17.9],[81.7,17.86],[81.66,17.88],[81.63,17.83],[81.57,17.83],[81.51,17.81],[81.46,17.82],[81.41,17.8],[81.39,17.86],[81.44,17.88],[81.45,17.93],[81.48,17.97],[81.47,18.03],[81.5,18.07],[81.51,18.13],[81.5,18.18],[81.52,18.23],[81.55,18.26],[81.59,18.29],[81.65,18.31],[81.68,18.34],[81.74,18.35],[81.76,18.39],[81.8,18.44],[81.84,18.48],[81.87,18.52],[81.9,18.55],[81.95,18.57],[81.91,18.61],[81.95,18.63],[81.96,18.69],[82.01,18.71],[82.07,18.72],[82.09,18.76],[82.15,18.77],[82.16,18.83],[82.17,18.88],[82.2,18.91],[82.23,18.99],[82.19,19.06],[82.2,19.12],[82.16,19.14],[82.16,19.21],[82.15,19.27],[82.17,19.32],[82.14,19.35],[82.18,19.41],[82.13,19.42],[82.1,19.46],[82.07,19.52],[82.02,19.5],[82.05,19.54],[82.03,19.59],[82.05,19.64],[82.04,19.7],[82.06,19.75],[82.03,19.79],[81.97,19.81],[81.94,19.86],[81.87,19.89],[81.85,19.94],[81.86,20.0],[81.87,20.05],[81.92,20.07],[81.98,20.07],[82.01,20.04],[82.07,20.05],[82.1,20.02],[82.15,20.0],[82.2,19.98],[82.26,19.97],[82.28,19.92],[82.32,19.86],[82.37,19.85],[82.4,19.89],[82.47,19.9],[82.51,19.88],[82.57,19.87],[82.57,19.81],[82.59,19.77],[82.63,19.8],[82.67,19.83],[82.71,19.86],[82.7,19.92],[82.71,19.98],[82.65,20.0],[82.6,19.99],[82.54,20.01],[82.49,20.02],[82.44,20.04],[82.39,20.06],[82.39,20.12],[82.41,20.18],[82.4,20.24],[82.43,20.28],[82.41,20.32],[82.41,20.39],[82.43,20.43],[82.41,20.47],[82.38,20.5],[82.34,20.54],[82.35,20.6],[82.36,20.65],[82.34,20.7],[82.34,20.76],[82.33,20.82],[82.34,20.87],[82.4,20.86],[82.44,20.83],[82.48,20.85],[82.49,20.91],[82.53,20.93],[82.57,20.97],[82.6,21.0],[82.62,21.04],[82.64,21.09],[82.63,21.14],[82.68,21.16],[82.75,21.16],[82.79,21.14],[82.84,21.16],[82.9,21.16],[82.96,21.18],[82.99,21.15],[83.03,21.13],[83.08,21.11],[83.14,21.11],[83.18,21.13],[83.2,21.18],[83.21,21.24],[83.24,21.28],[83.26,21.33],[83.28,21.38],[83.33,21.36],[83.37,21.34],[83.4,21.37],[83.38,21.41],[83.35,21.44],[83.33,21.5],[83.37,21.55],[83.38,21.61],[83.41,21.64],[83.45,21.62],[83.43,21.67],[83.46,21.71],[83.48,21.75],[83.49,21.81],[83.54,21.79],[83.57,21.83],[83.58,21.88],[83.59,21.93],[83.55,21.95],[83.55,22.01],[83.57,22.06],[83.59,22.14],[83.62,22.2],[83.66,22.23],[83.7,22.25],[83.76,22.25],[83.79,22.28],[83.82,22.32],[83.86,22.34],[83.92,22.36],[83.98,22.37],[84.02,22.41],[84.04,22.45],[84.01,22.49],[83.97,22.51],[84.03,22.51],[84.08,22.49],[84.12,22.47],[84.14,22.42],[84.18,22.39],[84.23,22.37],[84.29,22.34],[84.35,22.35],[84.42,22.35],[84.46,22.38],[84.5,22.42],[84.57,22.42],[84.63,22.43],[84.67,22.41],[84.73,22.42],[84.78,22.44],[84.84,22.43],[84.91,22.42],[84.95,22.45],[85.02,22.47],[85.06,22.45],[85.08,22.4],[85.07,22.35],[85.09,22.31],[85.07,22.27],[85.06,22.21],[85.03,22.16],[85.02,22.11],[84.98,22.08],[85.03,22.1],[85.1,22.1],[85.13,22.07],[85.17,22.05],[85.21,22.02],[85.26,22.04],[85.28,22.09],[85.32,22.12],[85.36,22.14],[85.4,22.16],[85.46,22.14],[85.51,22.11],[85.56,22.08],[85.62,22.08],[85.67,22.06],[85.73,22.06],[85.77,22.09],[85.83,22.08],[85.77,22.05],[85.76,21.99],[85.82,21.98],[85.87,21.97],[85.91,22.0],[85.95,22.03],[85.98,22.07],[86.0,22.12],[86.01,22.17],[85.99,22.22],[86.0,22.28],[86.04,22.3],[86.0,22.34],[86.02,22.39],[85.99,22.42],[85.95,22.46],[85.98,22.51],[86.03,22.53],[86.08,22.53]]]]}},{"type":"Feature","properties":{"state":"Puducherry"},"geometry":{"type":"MultiPolygon","coordinates":[[[[79.75,10.98],[79.81,10.98],[79.85,10.95],[79.85,10.88],[79.84,10.82],[79.8,10.84],[79.77,10.87],[79.74,10.9],[79.71,10.93],[79.75,10.95],[79.75,10.98]]],[[[79.69,12.0],[79.73,11.98],[79.74,11.91],[79.77,11.94],[79.81,11.96],[79.84,11.93],[79.82,11.89],[79.8,11.84],[79.75,11.82],[79.72,11.85],[79.67,11.87],[79.7,11.9],[79.68,11.95],[79.64,11.97],[79.67,12.01],[79.69,12.0]]],[[[75.37,12.15],[75.35,12.11],[75.31,12.08],[75.3,12.03],[75.26,12.0],[75.29,11.97],[75.26,12.0],[75.22,12.03],[75.22,12.09],[75.26,12.11],[75.31,12.13],[75.37,12.14],[75.37,12.15]]]]}},{"type":"Feature","properties":{"state":"Punjab"},"geometry":{"type":"MultiPolygon","coordinates":[[[[75.87,32.49],[75.9,32.46],[75.93,32.43],[75.87,32.4],[75.84,32.37],[75.8,32.34],[75.76,32.3],[75.7,32.27],[75.65,32.26],[75.62,32.23],[75.65,32.18],[75.63,32.12],[75.58,32.08],[75.64,32.08],[75.69,32.06],[75.73,32.04],[75.76,32.01],[75.81,31.99],[75.86,31.97],[75.9,31.94],[75.93,31.89],[75.95,31.84],[75.94,31.79],[75.96,31.74],[75.98,31.7],[76.01,31.65],[76.04,31.61],[76.06,31.56],[76.09,31.52],[76.11,31.47],[76.14,31.43],[76.13,31.38],[76.17,31.34],[76.21,31.31],[76.27,31.31],[76.3,31.34],[76.33,31.37],[76.36,31.42],[76.39,31.38],[76.42,31.34],[76.45,31.31],[76.49,31.27],[76.54,31.28],[76.6,31.25],[76.63,31.22],[76.59,31.18],[76.61,31.12],[76.61,31.06],[76.62,31.0],[76.66,30.97],[76.72,30.95],[76.77,30.91],[76.78,30.86],[76.83,30.83],[76.83,30.76],[76.78,30.78],[76.72,30.77],[76.69,30.74],[76.73,30.71],[76.77,30.68],[76.82,30.66],[76.86,30.68],[76.88,30.63],[76.91,30.59],[76.89,30.54],[76.92,30.5],[76.89,30.45],[76.91,30.4],[76.88,30.36],[76.86,30.41],[76.8,30.42],[76.74,30.42],[76.7,30.39],[76.74,30.36],[76.71,30.33],[76.66,30.3],[76.61,30.28],[76.56,30.26],[76.53,30.23],[76.58,30.26],[76.61,30.23],[76.64,30.2],[76.62,30.15],[76.61,30.09],[76.55,30.1],[76.5,30.08],[76.46,30.1],[76.43,30.14],[76.42,30.2],[76.38,30.18],[76.39,30.13],[76.35,30.15],[76.32,30.11],[76.25,30.12],[76.21,30.15],[76.23,30.11],[76.22,30.06],[76.19,30.02],[76.2,29.97],[76.17,29.93],[76.2,29.88],[76.19,29.83],[76.13,29.81],[76.08,29.79],[76.04,29.75],[75.99,29.74],[75.93,29.73],[75.9,29.76],[75.85,29.77],[75.82,29.82],[75.75,29.81],[75.7,29.76],[75.66,29.78],[75.62,29.75],[75.57,29.74],[75.53,29.77],[75.44,29.81],[75.4,29.76],[75.38,29.72],[75.34,29.69],[75.31,29.65],[75.28,29.61],[75.29,29.56],[75.24,29.55],[75.22,29.6],[75.17,29.63],[75.18,29.68],[75.2,29.73],[75.23,29.76],[75.2,29.8],[75.16,29.82],[75.13,29.78],[75.09,29.81],[75.08,29.86],[75.09,29.91],[75.06,29.88],[75.01,29.86],[74.97,29.88],[74.94,29.92],[74.89,29.94],[74.85,29.96],[74.81,29.99],[74.77,29.97],[74.71,29.97],[74.67,29.94],[74.64,29.91],[74.58,29.92],[74.53,29.94],[74.47,29.94],[74.4,29.95],[74.32,29.95],[74.26,29.96],[74.19,29.96],[74.08,29.97],[74.0,29.97],[73.93,29.97],[73.88,29.99],[73.89,30.04],[73.92,30.07],[73.95,30.11],[73.96,30.17],[73.96,30.24],[73.94,30.29],[73.91,30.33],[73.88,30.36],[73.9,30.41],[73.93,30.44],[73.97,30.48],[74.0,30.51],[74.04,30.54],[74.08,30.57],[74.1,30.62],[74.15,30.63],[74.18,30.66],[74.22,30.71],[74.27,30.73],[74.28,30.78],[74.31,30.82],[74.34,30.85],[74.37,30.89],[74.42,30.91],[74.45,30.95],[74.5,30.97],[74.54,30.99],[74.55,31.06],[74.6,31.04],[74.65,31.05],[74.69,31.08],[74.67,31.13],[74.61,31.14],[74.6,31.09],[74.54,31.1],[74.51,31.14],[74.5,31.19],[74.51,31.24],[74.53,31.3],[74.57,31.33],[74.59,31.4],[74.63,31.44],[74.61,31.49],[74.57,31.51],[74.61,31.54],[74.59,31.59],[74.57,31.63],[74.54,31.68],[74.52,31.72],[74.55,31.75],[74.56,31.81],[74.58,31.86],[74.62,31.88],[74.65,31.91],[74.71,31.93],[74.75,31.95],[74.81,31.96],[74.83,32.01],[74.87,32.03],[74.9,32.06],[74.96,32.05],[75.0,32.03],[75.07,32.06],[75.11,32.08],[75.17,32.07],[75.19,32.12],[75.23,32.08],[75.27,32.11],[75.31,32.15],[75.33,32.2],[75.36,32.24],[75.34,32.29],[75.32,32.34],[75.37,32.33],[75.43,32.33],[75.48,32.31],[75.51,32.28],[75.52,32.34],[75.56,32.37],[75.64,32.39],[75.7,32.41],[75.73,32.44],[75.77,32.48],[75.82,32.5],[75.84,32.54],[75.87,32.58],[75.85,32.52],[75.87,32.49]]]]}},{"type":"Feature","properties":{"state":"Rajasthan"},"geometry":{"type":"MultiPolygon","coordinates":[[[[73.89,29.98],[73.96,29.97],[74.07,29.97],[74.15,29.96],[74.22,29.96],[74.28,29.96],[74.36,29.95],[74.43,29.95],[74.52,29.94],[74.54,29.89],[74.53,29.84],[74.48,29.82],[74.47,29.76],[74.51,29.74],[74.57,29.75],[74.6,29.72],[74.58,29.65],[74.57,29.59],[74.59,29.54],[74.59,29.47],[74.53,29.47],[74.54,29.42],[74.58,29.38],[74.6,29.33],[74.64,29.35],[74.68,29.37],[74.73,29.35],[74.79,29.37],[74.84,29.4],[74.9,29.38],[74.94,29.34],[74.95,29.29],[75.01,29.28],[75.06,29.25],[75.11,29.23],[75.15,29.25],[75.21,29.23],[75.25,29.26],[75.29,29.28],[75.33,29.23],[75.37,29.26],[75.4,29.21],[75.38,29.17],[75.4,29.13],[75.38,29.09],[75.43,29.06],[75.46,29.02],[75.51,29.01],[75.5,28.96],[75.47,28.93],[75.49,28.86],[75.51,28.82],[75.52,28.76],[75.54,28.69],[75.56,28.61],[75.62,28.6],[75.64,28.55],[75.67,28.52],[75.72,28.49],[75.78,28.46],[75.77,28.41],[75.83,28.41],[75.87,28.39],[75.92,28.37],[75.96,28.34],[75.99,28.3],[76.01,28.25],[76.05,28.22],[76.07,28.17],[76.01,28.16],[75.98,28.13],[75.94,28.11],[75.98,28.08],[76.04,28.07],[76.01,28.04],[75.97,28.02],[75.96,27.94],[75.98,27.89],[76.01,27.86],[76.08,27.85],[76.13,27.83],[76.17,27.81],[76.22,27.84],[76.19,27.87],[76.17,27.92],[76.18,27.97],[76.15,28.0],[76.2,28.02],[76.23,28.06],[76.29,28.05],[76.33,28.02],[76.35,28.07],[76.31,28.1],[76.36,28.13],[76.32,28.15],[76.28,28.18],[76.34,28.18],[76.38,28.14],[76.43,28.15],[76.48,28.13],[76.45,28.09],[76.5,28.07],[76.45,28.05],[76.51,28.04],[76.54,28.0],[76.6,28.01],[76.65,28.02],[76.65,28.09],[76.69,28.12],[76.76,28.15],[76.79,28.18],[76.83,28.22],[76.89,28.21],[76.92,28.16],[76.96,28.12],[76.94,28.07],[76.93,28.01],[76.92,27.95],[76.94,27.9],[76.93,27.84],[76.9,27.8],[76.89,27.74],[76.9,27.69],[76.95,27.67],[76.98,27.71],[77.01,27.75],[77.06,27.73],[77.03,27.78],[77.07,27.81],[77.11,27.79],[77.15,27.81],[77.21,27.8],[77.26,27.81],[77.3,27.78],[77.3,27.72],[77.34,27.7],[77.33,27.64],[77.35,27.59],[77.33,27.54],[77.38,27.52],[77.4,27.48],[77.43,27.45],[77.44,27.39],[77.5,27.38],[77.54,27.35],[77.6,27.34],[77.61,27.29],[77.64,27.25],[77.67,27.21],[77.64,27.17],[77.6,27.15],[77.56,27.12],[77.51,27.1],[77.56,27.08],[77.59,27.04],[77.65,27.02],[77.68,27.05],[77.7,27.0],[77.73,27.03],[77.71,26.99],[77.66,26.97],[77.6,26.95],[77.55,26.92],[77.48,26.9],[77.44,26.88],[77.44,26.81],[77.46,26.76],[77.49,26.8],[77.5,26.85],[77.53,26.82],[77.59,26.83],[77.66,26.86],[77.7,26.88],[77.73,26.93],[77.79,26.92],[77.85,26.91],[77.89,26.89],[77.93,26.91],[77.99,26.9],[78.03,26.88],[78.06,26.91],[78.11,26.93],[78.14,26.96],[78.2,26.94],[78.26,26.93],[78.23,26.9],[78.19,26.88],[78.2,26.83],[78.16,26.79],[78.1,26.8],[78.12,26.75],[78.09,26.72],[78.07,26.68],[78.02,26.7],[77.97,26.68],[77.92,26.66],[77.89,26.63],[77.83,26.61],[77.82,26.56],[77.76,26.55],[77.73,26.52],[77.69,26.5],[77.63,26.48],[77.6,26.45],[77.54,26.43],[77.49,26.41],[77.43,26.4],[77.39,26.37],[77.33,26.36],[77.29,26.3],[77.25,26.27],[77.21,26.24],[77.14,26.24],[77.1,26.2],[77.04,26.18],[77.0,26.16],[76.97,26.12],[76.92,26.1],[76.88,26.08],[76.85,26.04],[76.82,25.99],[76.79,25.94],[76.75,25.91],[76.68,25.91],[76.63,25.88],[76.57,25.84],[76.53,25.8],[76.53,25.74],[76.48,25.72],[76.51,25.68],[76.52,25.61],[76.52,25.54],[76.54,25.5],[76.56,25.45],[76.6,25.41],[76.63,25.38],[76.67,25.35],[76.73,25.35],[76.76,25.32],[76.82,25.33],[76.87,25.32],[76.92,25.3],[76.99,25.3],[77.04,25.32],[77.09,25.34],[77.14,25.32],[77.2,25.31],[77.22,25.36],[77.25,25.39],[77.28,25.42],[77.34,25.42],[77.36,25.37],[77.35,25.32],[77.36,25.27],[77.39,25.23],[77.42,25.19],[77.39,25.16],[77.4,25.11],[77.35,25.1],[77.3,25.08],[77.26,25.12],[77.21,25.11],[77.16,25.09],[77.11,25.07],[77.05,25.06],[77.0,25.08],[76.96,25.05],[76.9,25.03],[76.86,25.01],[76.87,24.96],[76.91,24.92],[76.93,24.88],[76.9,24.84],[76.84,24.84],[76.8,24.82],[76.83,24.79],[76.86,24.75],[76.92,24.75],[76.97,24.73],[77.02,24.71],[77.05,24.66],[77.06,24.61],[77.05,24.54],[77.02,24.5],[76.99,24.47],[76.93,24.48],[76.92,24.53],[76.87,24.55],[76.82,24.54],[76.84,24.49],[76.85,24.43],[76.84,24.36],[76.86,24.31],[76.9,24.25],[76.93,24.21],[76.91,24.15],[76.85,24.14],[76.8,24.12],[76.77,24.16],[76.71,24.16],[76.67,24.19],[76.7,24.24],[76.69,24.29],[76.64,24.27],[76.61,24.24],[76.57,24.21],[76.54,24.17],[76.51,24.21],[76.47,24.23],[76.42,24.21],[76.37,24.24],[76.32,24.25],[76.28,24.22],[76.22,24.22],[76.2,24.27],[76.19,24.32],[76.16,24.29],[76.15,24.23],[76.12,24.2],[76.13,24.14],[76.1,24.09],[76.04,24.07],[76.01,24.04],[75.96,24.03],[75.98,23.98],[75.97,23.93],[75.93,23.9],[75.88,23.88],[75.82,23.88],[75.78,23.85],[75.75,23.89],[75.7,23.87],[75.72,23.82],[75.69,23.78],[75.64,23.8],[75.58,23.8],[75.57,23.85],[75.53,23.88],[75.49,23.91],[75.46,23.94],[75.47,23.99],[75.51,24.05],[75.55,24.02],[75.58,23.99],[75.64,24.0],[75.67,24.03],[75.7,23.99],[75.76,23.99],[75.78,24.04],[75.81,24.07],[75.84,24.1],[75.8,24.12],[75.74,24.14],[75.76,24.18],[75.79,24.22],[75.83,24.25],[75.81,24.3],[75.76,24.33],[75.74,24.37],[75.76,24.41],[75.79,24.46],[75.83,24.42],[75.89,24.44],[75.91,24.49],[75.93,24.53],[75.91,24.57],[75.88,24.6],[75.83,24.62],[75.84,24.67],[75.83,24.74],[75.79,24.77],[75.74,24.76],[75.68,24.73],[75.63,24.69],[75.58,24.72],[75.51,24.71],[75.45,24.69],[75.38,24.71],[75.3,24.72],[75.24,24.73],[75.2,24.76],[75.22,24.82],[75.21,24.87],[75.25,24.9],[75.28,24.85],[75.31,24.81],[75.36,24.84],[75.41,24.86],[75.35,24.88],[75.29,24.87],[75.26,24.91],[75.27,24.97],[75.3,24.93],[75.34,24.96],[75.32,25.0],[75.35,25.03],[75.29,25.04],[75.23,25.04],[75.17,25.05],[75.16,24.99],[75.12,24.96],[75.11,24.91],[75.07,24.89],[75.03,24.86],[74.99,24.88],[74.94,24.9],[74.91,24.93],[74.86,24.95],[74.82,24.93],[74.84,24.89],[74.86,24.84],[74.85,24.79],[74.9,24.8],[74.96,24.79],[75.01,24.8],[75.0,24.75],[74.96,24.7],[74.93,24.66],[74.88,24.67],[74.85,24.71],[74.82,24.77],[74.78,24.74],[74.79,24.68],[74.78,24.63],[74.75,24.59],[74.73,24.53],[74.76,24.49],[74.82,24.48],[74.86,24.46],[74.83,24.42],[74.8,24.39],[74.78,24.34],[74.75,24.29],[74.79,24.27],[74.86,24.27],[74.9,24.25],[74.88,24.21],[74.9,24.17],[74.94,24.14],[74.96,24.09],[74.98,24.04],[74.97,23.99],[74.93,23.95],[74.91,23.91],[74.92,23.85],[74.91,23.8],[74.94,23.77],[74.92,23.72],[74.93,23.65],[74.9,23.61],[74.87,23.58],[74.83,23.55],[74.77,23.54],[74.73,23.5],[74.67,23.49],[74.63,23.46],[74.6,23.43],[74.57,23.38],[74.54,23.34],[74.55,23.28],[74.61,23.29],[74.65,23.26],[74.71,23.25],[74.75,23.23],[74.72,23.2],[74.66,23.19],[74.63,23.16],[74.58,23.14],[74.55,23.11],[74.49,23.09],[74.43,23.11],[74.37,23.1],[74.34,23.07],[74.29,23.09],[74.28,23.14],[74.25,23.18],[74.19,23.18],[74.13,23.18],[74.14,23.23],[74.12,23.28],[74.08,23.3],[74.03,23.32],[73.99,23.34],[73.96,23.38],[73.93,23.34],[73.89,23.36],[73.86,23.4],[73.83,23.45],[73.78,23.43],[73.73,23.41],[73.7,23.46],[73.65,23.44],[73.64,23.5],[73.64,23.57],[73.66,23.62],[73.62,23.65],[73.55,23.63],[73.5,23.65],[73.51,23.7],[73.47,23.73],[73.43,23.76],[73.39,23.78],[73.37,23.83],[73.38,23.89],[73.41,23.92],[73.42,23.97],[73.41,24.02],[73.39,24.08],[73.37,24.13],[73.33,24.1],[73.31,24.05],[73.26,24.02],[73.21,24.04],[73.22,24.09],[73.17,24.11],[73.12,24.14],[73.09,24.18],[73.11,24.23],[73.14,24.28],[73.18,24.3],[73.22,24.35],[73.16,24.35],[73.12,24.38],[73.08,24.4],[73.11,24.43],[73.1,24.49],[73.05,24.47],[72.99,24.46],[72.97,24.4],[72.96,24.35],[72.88,24.36],[72.82,24.36],[72.75,24.36],[72.71,24.39],[72.69,24.44],[72.64,24.46],[72.58,24.48],[72.55,24.51],[72.52,24.47],[72.51,24.41],[72.46,24.42],[72.44,24.48],[72.39,24.5],[72.36,24.54],[72.3,24.54],[72.25,24.58],[72.29,24.6],[72.35,24.61],[72.27,24.62],[72.21,24.62],[72.15,24.63],[72.1,24.64],[72.09,24.7],[72.03,24.69],[71.99,24.67],[71.96,24.64],[71.92,24.67],[71.86,24.66],[71.85,24.61],[71.82,24.65],[71.76,24.66],[71.69,24.64],[71.64,24.66],[71.58,24.68],[71.52,24.68],[71.47,24.66],[71.42,24.64],[71.38,24.62],[71.34,24.65],[71.3,24.61],[71.24,24.63],[71.17,24.65],[71.12,24.67],[71.08,24.71],[71.05,24.76],[71.02,24.82],[70.99,24.87],[70.96,24.91],[70.93,24.97],[70.91,25.04],[70.91,25.1],[70.88,25.15],[70.85,25.18],[70.81,25.22],[70.77,25.26],[70.74,25.32],[70.71,25.36],[70.67,25.39],[70.68,25.45],[70.69,25.51],[70.68,25.59],[70.68,25.66],[70.66,25.7],[70.6,25.7],[70.54,25.68],[70.47,25.67],[70.41,25.67],[70.29,25.7],[70.26,25.74],[70.22,25.79],[70.18,25.82],[70.15,25.86],[70.11,25.92],[70.09,25.97],[70.09,26.03],[70.09,26.1],[70.13,26.14],[70.16,26.19],[70.17,26.25],[70.18,26.35],[70.18,26.43],[70.18,26.5],[70.17,26.55],[70.11,26.59],[70.05,26.6],[69.95,26.59],[69.88,26.58],[69.82,26.59],[69.77,26.61],[69.74,26.64],[69.7,26.67],[69.61,26.7],[69.57,26.72],[69.52,26.74],[69.49,26.79],[69.5,26.87],[69.5,26.94],[69.51,27.01],[69.54,27.07],[69.56,27.12],[69.58,27.17],[69.67,27.25],[69.7,27.28],[69.79,27.35],[69.83,27.38],[69.91,27.46],[69.94,27.5],[70.0,27.55],[70.05,27.64],[70.08,27.71],[70.11,27.77],[70.16,27.83],[70.21,27.88],[70.28,27.93],[70.32,27.96],[70.37,28.01],[70.43,28.02],[70.51,28.04],[70.56,28.02],[70.6,27.99],[70.65,27.94],[70.67,27.87],[70.69,27.82],[70.72,27.77],[70.75,27.73],[70.79,27.71],[70.86,27.7],[70.95,27.72],[71.03,27.76],[71.09,27.78],[71.14,27.8],[71.21,27.82],[71.26,27.84],[71.33,27.85],[71.41,27.87],[71.5,27.87],[71.59,27.87],[71.66,27.87],[71.72,27.89],[71.76,27.91],[71.83,27.93],[71.89,27.96],[71.91,28.01],[71.92,28.07],[71.93,28.12],[71.97,28.17],[72.0,28.21],[72.04,28.24],[72.09,28.28],[72.14,28.31],[72.18,28.36],[72.21,28.4],[72.24,28.47],[72.25,28.53],[72.28,28.6],[72.3,28.66],[72.33,28.7],[72.37,28.74],[72.4,28.78],[72.46,28.8],[72.5,28.82],[72.54,28.84],[72.59,28.87],[72.64,28.9],[72.71,28.94],[72.79,28.97],[72.84,28.99],[72.9,29.01],[72.95,29.05],[72.98,29.1],[73.0,29.15],[73.03,29.18],[73.06,29.21],[73.09,29.25],[73.12,29.29],[73.14,29.34],[73.17,29.39],[73.2,29.44],[73.23,29.49],[73.26,29.54],[73.28,29.6],[73.31,29.69],[73.33,29.75],[73.35,29.81],[73.37,29.85],[73.39,29.93],[73.47,29.97],[73.53,29.99],[73.58,30.01],[73.65,30.03],[73.71,30.05],[73.79,30.07],[73.84,30.11],[73.88,30.14],[73.92,30.17],[73.97,30.2],[73.96,30.14],[73.93,30.08],[73.89,30.05],[73.88,30.0],[73.89,29.98]]]]}},{"type":"Feature","properties":{"state":"Sikkim"},"geometry":{"type":"MultiPolygon","coordinates":[[[[88.65,28.1],[88.68,28.07],[88.74,28.08],[88.78,28.05],[88.82,28.02],[88.84,27.98],[88.86,27.93],[88.88,27.88],[88.87,27.82],[88.85,27.78],[88.85,27.72],[88.84,27.66],[88.81,27.63],[88.79,27.58],[88.77,27.54],[88.78,27.49],[88.79,27.44],[88.82,27.4],[88.86,27.38],[88.89,27.34],[88.91,27.29],[88.87,27.26],[88.82,27.25],[88.79,27.2],[88.76,27.16],[88.72,27.14],[88.69,27.18],[88.63,27.17],[88.57,27.19],[88.53,27.16],[88.5,27.13],[88.46,27.1],[88.4,27.09],[88.35,27.1],[88.31,27.13],[88.25,27.13],[88.19,27.13],[88.13,27.12],[88.08,27.15],[88.07,27.2],[88.02,27.22],[88.03,27.27],[88.05,27.32],[88.05,27.39],[88.08,27.43],[88.05,27.47],[88.06,27.52],[88.08,27.57],[88.11,27.6],[88.12,27.65],[88.15,27.68],[88.16,27.74],[88.19,27.77],[88.2,27.84],[88.17,27.87],[88.13,27.89],[88.12,27.95],[88.18,27.94],[88.22,27.97],[88.28,27.96],[88.33,27.98],[88.39,27.98],[88.42,28.01],[88.47,28.03],[88.51,28.05],[88.55,28.08],[88.6,28.1],[88.65,28.1]]]]}},{"type":"Feature","properties":{"state":"Tamil Nadu"},"geometry":{"type":"MultiPolygon","coordinates":[[[[79.31,9.33],[79.32,9.27],[79.35,9.24],[79.38,9.21],[79.42,9.19],[79.37,9.21],[79.33,9.23],[79.28,9.25],[79.22,9.26],[79.25,9.29],[79.28,9.32],[79.31,9.33]]],[[[80.08,13.53],[80.11,13.5],[80.15,13.48],[80.22,13.48],[80.26,13.45],[80.28,13.4],[80.31,13.37],[80.31,13.43],[80.33,13.38],[80.32,13.43],[80.33,13.38],[80.34,13.33],[80.34,13.27],[80.32,13.23],[80.31,13.17],[80.3,13.12],[80.29,13.06],[80.28,13.01],[80.26,12.96],[80.26,12.9],[80.25,12.85],[80.24,12.8],[80.25,12.75],[80.23,12.7],[80.21,12.66],[80.19,12.61],[80.16,12.58],[80.17,12.53],[80.16,12.48],[80.14,12.43],[80.11,12.4],[80.08,12.37],[80.05,12.33],[80.02,12.29],[79.99,12.26],[79.96,12.23],[80.0,12.25],[79.98,12.2],[79.95,12.17],[79.92,12.13],[79.9,12.08],[79.88,12.04],[79.85,12.0],[79.84,11.94],[79.8,11.96],[79.76,11.93],[79.71,11.96],[79.75,11.98],[79.69,12.0],[79.64,11.98],[79.7,11.97],[79.69,11.92],[79.72,11.89],[79.67,11.87],[79.7,11.84],[79.75,11.86],[79.79,11.84],[79.8,11.78],[79.78,11.73],[79.77,11.68],[79.76,11.62],[79.76,11.55],[79.78,11.5],[79.8,11.45],[79.82,11.4],[79.83,11.35],[79.84,11.3],[79.85,11.24],[79.85,11.18],[79.86,11.12],[79.86,11.05],[79.85,11.0],[79.8,10.98],[79.74,10.99],[79.75,10.94],[79.71,10.92],[79.74,10.89],[79.78,10.87],[79.81,10.83],[79.85,10.8],[79.85,10.74],[79.85,10.68],[79.86,10.63],[79.86,10.57],[79.86,10.51],[79.86,10.45],[79.87,10.4],[79.88,10.34],[79.86,10.29],[79.82,10.27],[79.75,10.27],[79.79,10.29],[79.75,10.31],[79.71,10.33],[79.65,10.32],[79.63,10.36],[79.61,10.31],[79.55,10.31],[79.61,10.3],[79.67,10.29],[79.73,10.28],[79.67,10.28],[79.61,10.29],[79.55,10.3],[79.58,10.33],[79.52,10.32],[79.47,10.34],[79.51,10.32],[79.46,10.31],[79.4,10.32],[79.37,10.29],[79.32,10.28],[79.28,10.25],[79.27,10.2],[79.24,10.17],[79.23,10.11],[79.25,10.06],[79.23,10.01],[79.2,9.98],[79.17,9.95],[79.14,9.91],[79.12,9.86],[79.09,9.83],[79.07,9.79],[79.03,9.76],[79.0,9.72],[78.97,9.68],[78.96,9.63],[78.93,9.59],[78.92,9.54],[78.91,9.49],[78.92,9.44],[78.95,9.4],[78.98,9.37],[79.01,9.34],[79.04,9.31],[79.09,9.29],[79.15,9.29],[79.11,9.27],[79.05,9.26],[78.99,9.27],[78.92,9.27],[78.87,9.25],[78.83,9.27],[78.8,9.24],[78.75,9.22],[78.72,9.19],[78.66,9.2],[78.63,9.16],[78.58,9.14],[78.52,9.14],[78.46,9.13],[78.41,9.11],[78.38,9.08],[78.34,9.05],[78.3,9.03],[78.27,9.0],[78.23,8.97],[78.2,8.94],[78.18,8.89],[78.17,8.84],[78.16,8.79],[78.2,8.77],[78.17,8.74],[78.14,8.7],[78.13,8.65],[78.1,8.62],[78.12,8.58],[78.12,8.64],[78.14,8.59],[78.13,8.54],[78.12,8.48],[78.09,8.45],[78.06,8.42],[78.05,8.37],[78.0,8.35],[77.96,8.33],[77.92,8.3],[77.89,8.27],[77.84,8.25],[77.8,8.23],[77.77,8.2],[77.74,8.17],[77.68,8.16],[77.63,8.15],[77.58,8.13],[77.55,8.09],[77.49,8.09],[77.43,8.1],[77.38,8.11],[77.33,8.13],[77.29,8.16],[77.24,8.17],[77.21,8.2],[77.17,8.23],[77.14,8.26],[77.11,8.29],[77.14,8.32],[77.13,8.38],[77.17,8.4],[77.2,8.44],[77.19,8.49],[77.25,8.5],[77.26,8.55],[77.24,8.59],[77.21,8.63],[77.19,8.68],[77.16,8.72],[77.18,8.76],[77.22,8.79],[77.25,8.83],[77.22,8.88],[77.19,8.92],[77.16,8.96],[77.13,9.0],[77.15,9.04],[77.19,9.07],[77.22,9.11],[77.25,9.14],[77.24,9.19],[77.26,9.23],[77.27,9.29],[77.29,9.33],[77.32,9.38],[77.33,9.43],[77.37,9.45],[77.4,9.5],[77.36,9.52],[77.35,9.57],[77.3,9.59],[77.26,9.56],[77.21,9.58],[77.16,9.6],[77.17,9.65],[77.19,9.7],[77.21,9.75],[77.23,9.79],[77.21,9.83],[77.2,9.89],[77.23,9.94],[77.26,9.97],[77.24,10.01],[77.22,10.06],[77.19,10.09],[77.22,10.12],[77.26,10.14],[77.27,10.2],[77.24,10.25],[77.22,10.3],[77.19,10.34],[77.13,10.32],[77.08,10.3],[77.05,10.27],[77.02,10.24],[76.97,10.21],[76.92,10.23],[76.88,10.26],[76.83,10.28],[76.83,10.34],[76.82,10.39],[76.82,10.48],[76.83,10.53],[76.83,10.59],[76.8,10.63],[76.86,10.63],[76.87,10.69],[76.89,10.74],[76.89,10.8],[76.84,10.82],[76.82,10.86],[76.77,10.88],[76.71,10.9],[76.65,10.92],[76.68,10.98],[76.71,11.03],[76.76,11.02],[76.79,11.05],[76.73,11.06],[76.74,11.12],[76.69,11.14],[76.72,11.18],[76.7,11.23],[76.65,11.2],[76.59,11.2],[76.52,11.19],[76.46,11.18],[76.49,11.25],[76.52,11.28],[76.54,11.32],[76.51,11.35],[76.47,11.38],[76.42,11.41],[76.37,11.44],[76.33,11.46],[76.27,11.47],[76.24,11.5],[76.23,11.56],[76.26,11.59],[76.3,11.56],[76.33,11.59],[76.38,11.61],[76.42,11.63],[76.45,11.66],[76.49,11.69],[76.54,11.68],[76.55,11.62],[76.59,11.6],[76.66,11.61],[76.72,11.61],[76.78,11.6],[76.84,11.58],[76.83,11.63],[76.84,11.68],[76.88,11.72],[76.89,11.77],[76.95,11.78],[77.0,11.8],[77.03,11.76],[77.07,11.73],[77.11,11.71],[77.1,11.76],[77.16,11.77],[77.22,11.78],[77.28,11.79],[77.33,11.76],[77.38,11.78],[77.41,11.75],[77.44,11.78],[77.46,11.84],[77.48,11.88],[77.5,11.93],[77.57,11.92],[77.62,11.93],[77.67,11.96],[77.69,12.01],[77.72,12.05],[77.75,12.08],[77.74,12.13],[77.71,12.17],[77.66,12.19],[77.6,12.2],[77.54,12.19],[77.48,12.19],[77.46,12.24],[77.49,12.27],[77.54,12.28],[77.57,12.32],[77.6,12.35],[77.61,12.4],[77.62,12.45],[77.58,12.47],[77.61,12.5],[77.58,12.54],[77.58,12.61],[77.59,12.66],[77.65,12.67],[77.7,12.65],[77.73,12.68],[77.76,12.71],[77.78,12.77],[77.8,12.82],[77.83,12.86],[77.89,12.87],[77.93,12.85],[77.97,12.82],[78.01,12.8],[78.04,12.84],[78.08,12.81],[78.12,12.78],[78.18,12.76],[78.23,12.72],[78.19,12.7],[78.23,12.67],[78.29,12.66],[78.34,12.63],[78.39,12.61],[78.45,12.62],[78.49,12.66],[78.51,12.7],[78.48,12.73],[78.52,12.7],[78.55,12.73],[78.58,12.77],[78.6,12.82],[78.61,12.87],[78.63,12.92],[78.61,12.98],[78.65,13.01],[78.7,13.04],[78.78,13.05],[78.81,13.08],[78.87,13.09],[78.88,13.03],[78.93,13.02],[78.89,13.04],[78.93,13.07],[79.0,13.06],[79.04,13.04],[79.08,13.01],[79.14,13.01],[79.18,13.03],[79.19,13.09],[79.22,13.12],[79.25,13.15],[79.28,13.12],[79.34,13.13],[79.37,13.17],[79.42,13.19],[79.45,13.22],[79.41,13.24],[79.43,13.28],[79.37,13.3],[79.42,13.32],[79.48,13.32],[79.54,13.31],[79.57,13.25],[79.61,13.27],[79.67,13.27],[79.7,13.23],[79.74,13.2],[79.78,13.22],[79.75,13.25],[79.78,13.28],[79.81,13.31],[79.87,13.31],[79.91,13.34],[79.94,13.37],[79.96,13.42],[79.99,13.46],[80.02,13.49],[79.99,13.52],[80.05,13.52],[80.08,13.53]]]]}},{"type":"Feature","properties":{"state":"Tripura"},"geometry":{"type":"MultiPolygon","coordinates":[[[[92.19,24.52],[92.23,24.5],[92.26,24.44],[92.27,24.38],[92.21,24.25],[92.28,24.25],[92.31,24.22],[92.33,24.17],[92.33,24.11],[92.32,24.06],[92.33,24.0],[92.31,23.95],[92.33,23.9],[92.3,23.86],[92.27,23.82],[92.27,23.74],[92.24,23.7],[92.21,23.66],[92.19,23.71],[92.13,23.71],[92.1,23.68],[92.07,23.64],[92.02,23.66],[91.99,23.71],[91.94,23.69],[91.95,23.64],[91.96,23.58],[91.97,23.53],[91.98,23.48],[91.94,23.46],[91.9,23.43],[91.86,23.41],[91.83,23.37],[91.8,23.33],[91.78,23.28],[91.79,23.23],[91.8,23.17],[91.82,23.12],[91.8,23.07],[91.77,23.04],[91.74,23.0],[91.68,22.99],[91.64,22.97],[91.58,22.96],[91.55,23.0],[91.53,23.05],[91.52,23.1],[91.5,23.15],[91.47,23.19],[91.46,23.24],[91.42,23.27],[91.4,23.22],[91.39,23.17],[91.4,23.12],[91.42,23.07],[91.36,23.09],[91.34,23.14],[91.33,23.19],[91.32,23.26],[91.31,23.32],[91.29,23.37],[91.28,23.42],[91.26,23.47],[91.23,23.5],[91.21,23.54],[91.18,23.58],[91.16,23.62],[91.18,23.66],[91.16,23.7],[91.17,23.75],[91.23,23.74],[91.23,23.8],[91.26,23.84],[91.24,23.88],[91.25,23.93],[91.28,23.97],[91.31,24.0],[91.36,23.98],[91.39,24.02],[91.38,24.07],[91.4,24.11],[91.46,24.1],[91.51,24.09],[91.57,24.08],[91.61,24.1],[91.64,24.14],[91.66,24.19],[91.69,24.16],[91.73,24.14],[91.76,24.17],[91.75,24.22],[91.81,24.22],[91.85,24.19],[91.88,24.16],[91.92,24.2],[91.94,24.25],[91.93,24.31],[91.96,24.36],[91.99,24.33],[91.97,24.38],[92.03,24.38],[92.09,24.38],[92.13,24.41],[92.17,24.43],[92.16,24.48],[92.17,24.53],[92.19,24.52]]]]}},{"type":"Feature","properties":{"state":"Uttar Pradesh"},"geometry":{"type":"MultiPolygon","coordinates":[[[[77.58,30.41],[77.64,30.41],[77.67,30.38],[77.7,30.34],[77.75,30.32],[77.79,30.3],[77.84,30.28],[77.9,30.27],[77.93,30.24],[77.9,30.2],[77.87,30.16],[77.85,30.12],[77.82,30.09],[77.77,30.07],[77.75,30.02],[77.74,29.97],[77.73,29.91],[77.7,29.88],[77.73,29.84],[77.76,29.79],[77.77,29.73],[77.8,29.7],[77.84,29.68],[77.89,29.7],[77.95,29.71],[77.97,29.66],[77.98,29.61],[77.95,29.58],[77.99,29.55],[78.04,29.56],[78.07,29.6],[78.11,29.63],[78.14,29.68],[78.19,29.71],[78.26,29.73],[78.3,29.76],[78.33,29.8],[78.39,29.77],[78.45,29.75],[78.49,29.72],[78.51,29.68],[78.53,29.63],[78.56,29.59],[78.61,29.56],[78.65,29.54],[78.69,29.51],[78.77,29.48],[78.83,29.47],[78.89,29.46],[78.88,29.4],[78.83,29.38],[78.79,29.35],[78.74,29.34],[78.76,29.29],[78.8,29.26],[78.86,29.25],[78.89,29.22],[78.9,29.17],[78.95,29.15],[79.0,29.13],[79.03,29.16],[79.09,29.14],[79.14,29.12],[79.14,29.06],[79.17,29.02],[79.24,29.01],[79.27,28.98],[79.3,28.95],[79.36,28.97],[79.4,28.94],[79.4,28.88],[79.45,28.86],[79.51,28.86],[79.54,28.89],[79.57,28.85],[79.61,28.87],[79.65,28.85],[79.7,28.87],[79.75,28.89],[79.79,28.87],[79.79,28.81],[79.83,28.85],[79.87,28.83],[79.9,28.79],[79.92,28.74],[79.97,28.72],[80.01,28.74],[80.04,28.78],[80.06,28.84],[80.12,28.83],[80.16,28.8],[80.2,28.76],[80.26,28.75],[80.29,28.71],[80.33,28.67],[80.36,28.64],[80.42,28.64],[80.47,28.62],[80.5,28.58],[80.51,28.65],[80.54,28.69],[80.58,28.66],[80.63,28.64],[80.68,28.62],[80.71,28.58],[80.76,28.57],[80.79,28.54],[80.83,28.51],[80.87,28.49],[80.91,28.46],[80.97,28.45],[81.02,28.43],[81.07,28.39],[81.15,28.37],[81.21,28.36],[81.24,28.32],[81.28,28.23],[81.32,28.2],[81.33,28.15],[81.37,28.17],[81.43,28.17],[81.46,28.13],[81.48,28.08],[81.54,28.05],[81.59,28.03],[81.63,28.0],[81.68,27.99],[81.76,27.94],[81.8,27.91],[81.84,27.89],[81.88,27.86],[81.93,27.88],[81.96,27.92],[82.03,27.93],[82.08,27.91],[82.12,27.88],[82.17,27.86],[82.23,27.82],[82.3,27.77],[82.34,27.75],[82.38,27.72],[82.43,27.69],[82.49,27.68],[82.54,27.69],[82.6,27.7],[82.66,27.71],[82.72,27.69],[82.74,27.64],[82.75,27.59],[82.74,27.54],[82.76,27.5],[82.84,27.5],[82.92,27.5],[82.95,27.47],[83.02,27.45],[83.08,27.45],[83.15,27.46],[83.21,27.43],[83.26,27.39],[83.29,27.34],[83.35,27.33],[83.38,27.36],[83.4,27.4],[83.39,27.45],[83.48,27.48],[83.55,27.47],[83.61,27.47],[83.67,27.45],[83.75,27.41],[83.8,27.39],[83.85,27.35],[83.89,27.33],[83.93,27.31],[83.9,27.27],[83.93,27.24],[83.98,27.2],[83.96,27.15],[83.94,27.1],[84.0,27.1],[84.01,27.05],[84.04,27.02],[84.05,26.96],[84.05,26.9],[84.09,26.88],[84.15,26.84],[84.2,26.86],[84.25,26.84],[84.24,26.78],[84.25,26.73],[84.29,26.75],[84.32,26.69],[84.37,26.68],[84.4,26.64],[84.35,26.62],[84.29,26.61],[84.23,26.61],[84.18,26.63],[84.13,26.64],[84.08,26.62],[84.06,26.57],[84.03,26.54],[83.97,26.53],[83.91,26.52],[83.9,26.46],[83.95,26.44],[84.01,26.44],[84.04,26.41],[84.08,26.38],[84.15,26.38],[84.18,26.32],[84.17,26.27],[84.11,26.26],[84.08,26.23],[84.02,26.24],[84.0,26.19],[84.03,26.16],[84.04,26.11],[84.11,26.08],[84.16,26.03],[84.19,25.99],[84.25,25.97],[84.29,25.95],[84.35,25.96],[84.39,25.94],[84.42,25.91],[84.47,25.88],[84.53,25.88],[84.54,25.83],[84.6,25.81],[84.62,25.77],[84.56,25.74],[84.55,25.68],[84.49,25.68],[84.46,25.71],[84.4,25.7],[84.38,25.74],[84.32,25.73],[84.31,25.67],[84.25,25.66],[84.2,25.69],[84.16,25.73],[84.09,25.72],[84.07,25.68],[84.03,25.62],[83.99,25.6],[83.94,25.57],[83.9,25.53],[83.87,25.5],[83.83,25.46],[83.8,25.43],[83.77,25.4],[83.71,25.4],[83.67,25.36],[83.63,25.34],[83.58,25.32],[83.53,25.3],[83.49,25.28],[83.46,25.25],[83.4,25.24],[83.37,25.2],[83.34,25.16],[83.34,25.09],[83.32,25.05],[83.34,25.01],[83.36,24.96],[83.35,24.91],[83.37,24.86],[83.4,24.82],[83.42,24.77],[83.45,24.73],[83.48,24.7],[83.5,24.65],[83.54,24.63],[83.52,24.59],[83.5,24.54],[83.46,24.52],[83.4,24.51],[83.39,24.46],[83.4,24.41],[83.44,24.38],[83.41,24.34],[83.38,24.31],[83.4,24.27],[83.38,24.23],[83.37,24.17],[83.35,24.13],[83.31,24.1],[83.28,24.06],[83.26,24.01],[83.22,23.99],[83.2,23.94],[83.16,23.92],[83.13,23.89],[83.06,23.88],[82.99,23.88],[82.93,23.89],[82.88,23.91],[82.85,23.95],[82.8,23.97],[82.77,24.01],[82.77,24.08],[82.71,24.08],[82.66,24.12],[82.68,24.16],[82.74,24.17],[82.73,24.23],[82.76,24.28],[82.76,24.35],[82.72,24.37],[82.71,24.42],[82.73,24.46],[82.72,24.51],[82.71,24.56],[82.75,24.54],[82.8,24.59],[82.77,24.63],[82.71,24.64],[82.69,24.69],[82.63,24.69],[82.57,24.66],[82.52,24.68],[82.46,24.68],[82.42,24.71],[82.41,24.66],[82.4,24.6],[82.35,24.61],[82.29,24.62],[82.28,24.67],[82.23,24.69],[82.25,24.74],[82.22,24.77],[82.19,24.74],[82.2,24.79],[82.13,24.8],[82.08,24.82],[82.02,24.84],[81.96,24.84],[81.92,24.88],[81.91,24.93],[81.89,24.99],[81.85,25.01],[81.78,25.02],[81.74,25.04],[81.68,25.05],[81.64,25.07],[81.63,25.12],[81.61,25.17],[81.57,25.19],[81.51,25.18],[81.49,25.14],[81.49,25.08],[81.44,25.1],[81.4,25.13],[81.36,25.15],[81.32,25.17],[81.27,25.15],[81.25,25.1],[81.25,25.04],[81.22,25.0],[81.21,24.95],[81.16,24.93],[81.13,24.9],[81.08,24.93],[81.05,24.96],[81.02,24.93],[80.96,24.93],[80.93,24.97],[80.89,24.95],[80.83,24.93],[80.8,24.96],[80.84,24.99],[80.83,25.04],[80.87,25.07],[80.86,25.12],[80.9,25.16],[80.88,25.2],[80.84,25.17],[80.83,25.11],[80.8,25.14],[80.74,25.14],[80.75,25.09],[80.78,25.06],[80.71,25.07],[80.65,25.08],[80.61,25.1],[80.6,25.15],[80.59,25.09],[80.55,25.07],[80.51,25.1],[80.49,25.05],[80.44,25.07],[80.38,25.07],[80.39,25.01],[80.33,25.01],[80.27,25.03],[80.29,25.07],[80.32,25.11],[80.35,25.14],[80.39,25.16],[80.42,25.19],[80.4,25.24],[80.35,25.26],[80.3,25.29],[80.31,25.34],[80.3,25.41],[80.23,25.41],[80.19,25.39],[80.15,25.36],[80.11,25.34],[80.05,25.34],[80.01,25.3],[79.98,25.26],[79.92,25.25],[79.86,25.24],[79.86,25.16],[79.85,25.11],[79.79,25.12],[79.75,25.14],[79.69,25.14],[79.63,25.13],[79.58,25.16],[79.53,25.14],[79.5,25.1],[79.46,25.12],[79.41,25.14],[79.38,25.17],[79.41,25.21],[79.44,25.25],[79.48,25.27],[79.42,25.26],[79.38,25.28],[79.34,25.31],[79.31,25.34],[79.27,25.32],[79.28,25.27],[79.34,25.27],[79.33,25.22],[79.28,25.25],[79.29,25.19],[79.31,25.14],[79.27,25.12],[79.24,25.16],[79.21,25.12],[79.17,25.15],[79.13,25.11],[79.11,25.17],[79.06,25.15],[79.03,25.18],[79.06,25.22],[79.03,25.25],[79.0,25.28],[78.97,25.25],[79.0,25.22],[78.94,25.22],[78.9,25.18],[78.88,25.22],[78.91,25.27],[78.95,25.29],[78.96,25.35],[78.9,25.34],[78.86,25.32],[78.85,25.26],[78.81,25.29],[78.84,25.33],[78.86,25.38],[78.91,25.4],[78.93,25.35],[78.98,25.38],[78.97,25.43],[78.91,25.44],[78.94,25.48],[78.92,25.53],[78.88,25.56],[78.85,25.52],[78.86,25.47],[78.83,25.43],[78.81,25.48],[78.75,25.48],[78.76,25.43],[78.77,25.36],[78.71,25.35],[78.67,25.38],[78.7,25.43],[78.64,25.44],[78.6,25.42],[78.56,25.38],[78.52,25.36],[78.54,25.32],[78.5,25.3],[78.44,25.3],[78.5,25.29],[78.54,25.27],[78.56,25.22],[78.59,25.16],[78.6,25.1],[78.63,25.07],[78.64,25.02],[78.62,24.97],[78.66,24.93],[78.69,24.9],[78.73,24.87],[78.77,24.84],[78.76,24.77],[78.77,24.71],[78.74,24.67],[78.75,24.62],[78.78,24.59],[78.83,24.61],[78.86,24.64],[78.89,24.61],[78.93,24.56],[78.95,24.51],[78.91,24.49],[78.94,24.45],[78.99,24.43],[78.97,24.38],[78.95,24.33],[78.91,24.3],[78.88,24.25],[78.85,24.22],[78.81,24.19],[78.77,24.21],[78.74,24.25],[78.68,24.24],[78.65,24.27],[78.62,24.3],[78.59,24.34],[78.55,24.36],[78.52,24.39],[78.47,24.36],[78.44,24.33],[78.41,24.29],[78.35,24.3],[78.36,24.38],[78.33,24.41],[78.28,24.44],[78.25,24.49],[78.22,24.52],[78.25,24.55],[78.27,24.6],[78.27,24.67],[78.24,24.72],[78.23,24.78],[78.2,24.83],[78.16,24.86],[78.19,24.89],[78.23,24.92],[78.28,24.96],[78.33,25.0],[78.33,25.07],[78.36,25.1],[78.4,25.13],[78.43,25.16],[78.4,25.19],[78.38,25.23],[78.36,25.28],[78.32,25.3],[78.33,25.35],[78.32,25.4],[78.34,25.45],[78.39,25.47],[78.41,25.52],[78.43,25.56],[78.48,25.58],[78.54,25.57],[78.6,25.58],[78.65,25.57],[78.69,25.6],[78.75,25.61],[78.81,25.62],[78.8,25.7],[78.75,25.73],[78.78,25.76],[78.81,25.8],[78.86,25.82],[78.85,25.87],[78.89,25.89],[78.9,25.94],[78.93,25.98],[78.95,26.03],[78.98,26.07],[78.97,26.12],[79.0,26.16],[79.02,26.21],[79.06,26.23],[79.05,26.28],[79.09,26.3],[79.12,26.34],[79.08,26.36],[79.09,26.42],[79.06,26.46],[79.05,26.51],[79.02,26.55],[78.98,26.58],[79.01,26.61],[78.99,26.65],[78.96,26.68],[78.91,26.71],[78.85,26.71],[78.81,26.77],[78.75,26.78],[78.69,26.8],[78.66,26.77],[78.6,26.76],[78.54,26.77],[78.49,26.79],[78.43,26.82],[78.38,26.84],[78.35,26.87],[78.28,26.86],[78.25,26.82],[78.21,26.84],[78.19,26.89],[78.25,26.9],[78.22,26.95],[78.16,26.95],[78.11,26.93],[78.07,26.91],[78.04,26.87],[78.01,26.91],[77.94,26.9],[77.88,26.89],[77.84,26.92],[77.78,26.93],[77.72,26.92],[77.69,26.87],[77.62,26.85],[77.58,26.83],[77.52,26.82],[77.48,26.79],[77.45,26.75],[77.44,26.81],[77.42,26.86],[77.46,26.89],[77.5,26.91],[77.56,26.93],[77.64,26.97],[77.7,26.98],[77.75,27.0],[77.72,27.03],[77.67,27.05],[77.63,27.03],[77.57,27.04],[77.54,27.08],[77.5,27.1],[77.54,27.12],[77.6,27.13],[77.62,27.17],[77.67,27.19],[77.64,27.23],[77.61,27.26],[77.6,27.31],[77.56,27.34],[77.52,27.36],[77.49,27.39],[77.43,27.4],[77.42,27.45],[77.39,27.48],[77.36,27.52],[77.33,27.55],[77.34,27.6],[77.34,27.67],[77.32,27.71],[77.3,27.76],[77.28,27.81],[77.33,27.84],[77.37,27.86],[77.4,27.89],[77.47,27.89],[77.48,27.94],[77.54,27.95],[77.51,27.98],[77.5,28.03],[77.47,28.08],[77.5,28.12],[77.53,28.17],[77.49,28.19],[77.52,28.23],[77.49,28.26],[77.5,28.31],[77.46,28.34],[77.49,28.37],[77.47,28.42],[77.43,28.45],[77.39,28.47],[77.36,28.5],[77.32,28.54],[77.29,28.58],[77.33,28.61],[77.32,28.66],[77.31,28.72],[77.27,28.74],[77.23,28.77],[77.2,28.8],[77.21,28.86],[77.22,28.91],[77.19,28.95],[77.21,29.01],[77.16,29.05],[77.13,29.09],[77.13,29.16],[77.14,29.21],[77.13,29.27],[77.15,29.32],[77.12,29.35],[77.15,29.39],[77.12,29.42],[77.11,29.47],[77.09,29.53],[77.09,29.6],[77.11,29.65],[77.13,29.7],[77.11,29.75],[77.14,29.78],[77.17,29.82],[77.18,29.87],[77.2,29.93],[77.23,29.96],[77.26,30.0],[77.28,30.05],[77.34,30.07],[77.39,30.09],[77.42,30.13],[77.45,30.17],[77.48,30.21],[77.52,30.26],[77.56,30.3],[77.58,30.36],[77.57,30.41],[77.58,30.41]]]]}},{"type":"Feature","properties":{"state":"Uttaranchal"},"geometry":{"type":"MultiPolygon","coordinates":[[[[79.19,31.35],[79.22,31.32],[79.25,31.29],[79.26,31.24],[79.29,31.2],[79.31,31.14],[79.36,31.12],[79.39,31.08],[79.42,31.04],[79.48,31.04],[79.52,31.01],[79.54,30.97],[79.58,30.94],[79.62,30.96],[79.66,30.99],[79.72,30.99],[79.78,30.99],[79.84,30.98],[79.87,30.95],[79.9,30.91],[79.95,30.89],[80.0,30.87],[80.03,30.84],[80.07,30.81],[80.11,30.78],[80.15,30.81],[80.19,30.78],[80.23,30.76],[80.22,30.71],[80.19,30.68],[80.21,30.63],[80.22,30.58],[80.28,30.57],[80.33,30.55],[80.37,30.53],[80.42,30.51],[80.47,30.49],[80.51,30.47],[80.57,30.49],[80.62,30.46],[80.67,30.44],[80.71,30.41],[80.75,30.39],[80.78,30.34],[80.83,30.31],[80.9,30.29],[80.97,30.28],[81.01,30.26],[80.96,30.24],[80.91,30.22],[80.88,30.18],[80.86,30.12],[80.82,30.1],[80.78,30.06],[80.75,30.01],[80.71,29.99],[80.67,29.96],[80.61,29.96],[80.58,29.93],[80.57,29.88],[80.54,29.84],[80.5,29.82],[80.46,29.8],[80.41,29.78],[80.37,29.75],[80.38,29.69],[80.41,29.66],[80.41,29.59],[80.38,29.56],[80.35,29.52],[80.32,29.49],[80.29,29.45],[80.24,29.44],[80.26,29.4],[80.28,29.35],[80.31,29.32],[80.3,29.26],[80.3,29.2],[80.25,29.22],[80.26,29.17],[80.24,29.12],[80.19,29.14],[80.16,29.11],[80.13,29.06],[80.14,29.01],[80.11,28.98],[80.07,28.93],[80.07,28.84],[80.03,28.81],[80.02,28.75],[79.99,28.72],[79.93,28.73],[79.91,28.77],[79.88,28.8],[79.85,28.84],[79.82,28.81],[79.79,28.85],[79.77,28.89],[79.71,28.88],[79.67,28.85],[79.62,28.87],[79.58,28.85],[79.54,28.89],[79.51,28.86],[79.45,28.86],[79.4,28.88],[79.4,28.94],[79.36,28.97],[79.3,28.95],[79.27,28.98],[79.24,29.01],[79.18,29.02],[79.15,29.05],[79.14,29.1],[79.1,29.13],[79.06,29.16],[79.01,29.14],[78.97,29.16],[78.91,29.15],[78.89,29.2],[78.86,29.25],[78.8,29.26],[78.76,29.29],[78.72,29.31],[78.75,29.34],[78.8,29.36],[78.84,29.38],[78.89,29.41],[78.92,29.46],[78.85,29.46],[78.8,29.48],[78.74,29.5],[78.68,29.52],[78.64,29.55],[78.58,29.58],[78.53,29.62],[78.51,29.67],[78.5,29.72],[78.47,29.75],[78.41,29.77],[78.35,29.79],[78.3,29.76],[78.26,29.73],[78.23,29.7],[78.17,29.68],[78.13,29.66],[78.1,29.63],[78.06,29.6],[78.04,29.55],[77.99,29.56],[77.96,29.59],[77.97,29.64],[77.95,29.69],[77.91,29.71],[77.86,29.69],[77.82,29.67],[77.78,29.71],[77.76,29.76],[77.74,29.81],[77.71,29.86],[77.72,29.91],[77.74,29.96],[77.75,30.01],[77.76,30.06],[77.79,30.1],[77.84,30.12],[77.87,30.16],[77.9,30.19],[77.93,30.24],[77.9,30.27],[77.85,30.28],[77.8,30.3],[77.75,30.32],[77.71,30.34],[77.68,30.38],[77.64,30.4],[77.58,30.41],[77.61,30.44],[77.68,30.45],[77.72,30.48],[77.76,30.5],[77.81,30.52],[77.78,30.56],[77.74,30.59],[77.77,30.62],[77.78,30.67],[77.73,30.69],[77.72,30.74],[77.69,30.77],[77.72,30.8],[77.73,30.85],[77.79,30.86],[77.8,30.92],[77.74,30.94],[77.76,30.98],[77.81,30.95],[77.81,31.01],[77.8,31.06],[77.84,31.08],[77.87,31.12],[77.9,31.16],[77.95,31.18],[78.01,31.16],[78.04,31.19],[78.1,31.2],[78.14,31.22],[78.2,31.23],[78.25,31.25],[78.29,31.27],[78.34,31.29],[78.39,31.27],[78.43,31.25],[78.47,31.22],[78.51,31.2],[78.56,31.23],[78.62,31.23],[78.65,31.2],[78.71,31.19],[78.76,31.2],[78.81,31.17],[78.84,31.13],[78.88,31.1],[78.93,31.11],[78.99,31.12],[78.97,31.18],[78.94,31.21],[78.91,31.25],[78.92,31.3],[78.95,31.35],[78.99,31.38],[79.02,31.41],[79.04,31.45],[79.12,31.44],[79.15,31.41],[79.18,31.38],[79.19,31.35]]]]}},{"type":"Feature","properties":{"state":"West Bengal"},"geometry":{"type":"MultiPolygon","coordinates":[[[[89.06,21.72],[89.09,21.68],[89.08,21.63],[89.03,21.65],[89.02,21.7],[89.06,21.72]]],[[[88.88,21.75],[88.91,21.72],[88.94,21.68],[88.92,21.63],[88.89,21.66],[88.87,21.71],[88.88,21.75]]],[[[88.41,21.73],[88.41,21.66],[88.43,21.62],[88.39,21.6],[88.38,21.66],[88.4,21.7],[88.37,21.73],[88.41,21.73]]],[[[88.22,21.76],[88.27,21.74],[88.29,21.7],[88.3,21.64],[88.31,21.59],[88.28,21.56],[88.24,21.58],[88.22,21.63],[88.23,21.68],[88.21,21.72],[88.22,21.76]]],[[[88.83,21.77],[88.84,21.72],[88.85,21.66],[88.82,21.63],[88.82,21.69],[88.76,21.7],[88.79,21.73],[88.83,21.76],[88.83,21.77]]],[[[88.72,21.81],[88.75,21.77],[88.77,21.72],[88.74,21.68],[88.71,21.71],[88.7,21.77],[88.72,21.81]]],[[[88.54,21.81],[88.56,21.76],[88.53,21.73],[88.5,21.76],[88.54,21.79],[88.5,21.76],[88.53,21.8],[88.54,21.81]]],[[[88.33,21.86],[88.36,21.82],[88.38,21.77],[88.34,21.74],[88.3,21.76],[88.26,21.79],[88.29,21.82],[88.32,21.86],[88.33,21.86]]],[[[88.86,21.87],[88.88,21.82],[88.9,21.78],[88.92,21.73],[88.88,21.75],[88.85,21.78],[88.84,21.84],[88.86,21.87]]],[[[88.14,21.88],[88.15,21.83],[88.17,21.78],[88.16,21.73],[88.14,21.68],[88.13,21.63],[88.07,21.63],[88.04,21.67],[88.05,21.73],[88.07,21.78],[88.09,21.82],[88.12,21.85],[88.14,21.88]]],[[[88.98,21.89],[89.03,21.87],[89.02,21.82],[88.99,21.79],[88.96,21.83],[88.98,21.87],[88.98,21.89]]],[[[88.45,21.9],[88.49,21.87],[88.46,21.83],[88.41,21.81],[88.4,21.87],[88.44,21.9],[88.45,21.9]]],[[[88.72,21.91],[88.76,21.89],[88.76,21.83],[88.75,21.78],[88.71,21.81],[88.72,21.86],[88.72,21.91]]],[[[88.84,21.92],[88.9,21.92],[88.96,21.91],[88.98,21.87],[88.94,21.89],[88.95,21.84],[88.92,21.87],[88.91,21.82],[88.88,21.85],[88.85,21.89],[88.82,21.92],[88.84,21.92]]],[[[88.14,22.03],[88.12,21.98],[88.09,21.95],[88.06,21.91],[88.06,21.98],[88.09,22.01],[88.14,22.03]]],[[[88.81,22.02],[88.87,22.02],[88.9,21.99],[88.91,21.93],[88.85,21.92],[88.8,21.94],[88.75,21.96],[88.79,21.98],[88.76,22.01],[88.81,22.03],[88.81,22.02]]],[[[89.02,22.05],[89.06,22.02],[89.08,21.97],[89.05,21.93],[89.0,21.95],[89.02,22.0],[88.99,21.97],[88.97,22.02],[89.0,22.05],[89.02,22.05]]],[[[88.87,22.17],[88.9,22.14],[88.92,22.09],[88.86,22.09],[88.83,22.13],[88.86,22.16],[88.87,22.17]]],[[[88.95,22.19],[88.98,22.16],[88.97,22.1],[88.94,22.07],[88.92,22.02],[88.95,22.06],[88.97,22.01],[89.0,21.97],[89.02,21.92],[88.96,21.93],[88.92,21.96],[88.91,22.02],[88.92,22.08],[88.93,22.13],[88.9,22.16],[88.95,22.18],[88.95,22.19]]],[[[89.0,22.2],[89.02,22.15],[89.04,22.11],[89.03,22.05],[88.97,22.04],[88.98,22.09],[89.0,22.14],[88.97,22.17],[89.0,22.2]]],[[[88.7,22.21],[88.75,22.19],[88.79,22.17],[88.75,22.15],[88.72,22.11],[88.68,22.08],[88.71,22.04],[88.66,22.02],[88.65,22.08],[88.64,22.13],[88.67,22.17],[88.7,22.21]]],[[[88.84,22.19],[88.86,22.14],[88.8,22.13],[88.77,22.09],[88.74,22.06],[88.71,22.09],[88.74,22.12],[88.78,22.15],[88.81,22.18],[88.84,22.21],[88.84,22.19]]],[[[88.81,22.28],[88.8,22.23],[88.83,22.2],[88.79,22.17],[88.75,22.2],[88.77,22.25],[88.8,22.28],[88.81,22.28]]],[[[88.85,22.36],[88.89,22.34],[88.92,22.31],[88.93,22.26],[88.91,22.22],[88.89,22.27],[88.85,22.29],[88.89,22.27],[88.9,22.22],[88.92,22.17],[88.87,22.19],[88.85,22.23],[88.88,22.2],[88.82,22.2],[88.83,22.25],[88.81,22.3],[88.82,22.36],[88.85,22.36]]],[[[88.98,22.38],[88.99,22.32],[89.01,22.28],[89.03,22.23],[89.06,22.2],[89.07,22.14],[89.02,22.16],[89.0,22.21],[88.96,22.23],[88.95,22.29],[88.96,22.35],[88.97,22.4],[88.98,22.38]]],[[[88.9,22.55],[88.89,22.5],[88.9,22.45],[88.92,22.4],[88.88,22.37],[88.86,22.42],[88.86,22.49],[88.87,22.54],[88.9,22.55]]],[[[88.92,22.57],[88.96,22.54],[88.97,22.49],[88.99,22.44],[88.96,22.41],[88.95,22.35],[88.92,22.32],[88.9,22.37],[88.93,22.41],[88.9,22.44],[88.91,22.5],[88.9,22.56],[88.92,22.57]]],[[[88.13,27.12],[88.18,27.13],[88.24,27.12],[88.3,27.13],[88.34,27.11],[88.4,27.09],[88.46,27.1],[88.5,27.13],[88.53,27.16],[88.56,27.19],[88.62,27.19],[88.66,27.16],[88.72,27.14],[88.78,27.14],[88.83,27.12],[88.87,27.1],[88.88,27.04],[88.87,26.98],[88.92,27.0],[88.95,26.97],[88.97,26.92],[89.02,26.94],[89.05,26.91],[89.09,26.89],[89.11,26.83],[89.15,26.81],[89.21,26.82],[89.27,26.82],[89.31,26.84],[89.36,26.86],[89.4,26.84],[89.46,26.83],[89.5,26.8],[89.56,26.82],[89.59,26.79],[89.65,26.78],[89.63,26.74],[89.69,26.74],[89.73,26.72],[89.78,26.7],[89.86,26.7],[89.87,26.65],[89.88,26.58],[89.86,26.53],[89.86,26.47],[89.85,26.42],[89.82,26.38],[89.78,26.35],[89.75,26.32],[89.72,26.29],[89.73,26.24],[89.71,26.2],[89.68,26.16],[89.69,26.22],[89.64,26.2],[89.61,26.16],[89.63,26.11],[89.65,26.07],[89.61,26.05],[89.58,26.02],[89.57,25.97],[89.54,26.01],[89.49,26.0],[89.43,26.01],[89.37,26.01],[89.33,26.03],[89.28,26.05],[89.26,26.1],[89.22,26.12],[89.16,26.14],[89.14,26.19],[89.15,26.24],[89.12,26.27],[89.11,26.32],[89.09,26.37],[89.05,26.4],[89.01,26.43],[88.98,26.46],[88.95,26.43],[88.91,26.41],[88.93,26.37],[88.96,26.33],[89.0,26.3],[89.04,26.28],[89.01,26.25],[88.96,26.24],[88.94,26.29],[88.88,26.29],[88.89,26.24],[88.83,26.24],[88.82,26.29],[88.76,26.3],[88.75,26.35],[88.71,26.33],[88.69,26.38],[88.66,26.41],[88.62,26.44],[88.58,26.46],[88.53,26.48],[88.5,26.51],[88.46,26.55],[88.42,26.58],[88.41,26.63],[88.38,26.59],[88.36,26.54],[88.33,26.49],[88.36,26.45],[88.39,26.48],[88.45,26.47],[88.49,26.44],[88.51,26.4],[88.5,26.35],[88.46,26.37],[88.42,26.34],[88.39,26.31],[88.35,26.29],[88.36,26.24],[88.33,26.2],[88.27,26.19],[88.22,26.16],[88.18,26.13],[88.16,26.09],[88.19,26.06],[88.16,26.02],[88.13,25.99],[88.11,25.94],[88.09,25.89],[88.12,25.85],[88.12,25.79],[88.18,25.79],[88.24,25.8],[88.28,25.78],[88.31,25.75],[88.36,25.73],[88.39,25.69],[88.43,25.67],[88.46,25.63],[88.47,25.58],[88.51,25.55],[88.54,25.52],[88.59,25.5],[88.65,25.5],[88.68,25.47],[88.72,25.5],[88.76,25.52],[88.81,25.5],[88.84,25.47],[88.83,25.42],[88.84,25.37],[88.87,25.34],[88.92,25.31],[88.98,25.3],[88.96,25.26],[88.93,25.22],[88.92,25.17],[88.88,25.19],[88.83,25.21],[88.8,25.17],[88.75,25.19],[88.71,25.21],[88.65,25.2],[88.6,25.19],[88.54,25.2],[88.49,25.21],[88.44,25.19],[88.46,25.14],[88.45,25.08],[88.44,25.02],[88.41,24.99],[88.39,24.94],[88.33,24.92],[88.34,24.87],[88.3,24.89],[88.26,24.92],[88.23,24.96],[88.17,24.95],[88.14,24.91],[88.17,24.86],[88.14,24.83],[88.11,24.79],[88.07,24.77],[88.06,24.71],[88.03,24.68],[88.05,24.63],[88.08,24.59],[88.11,24.55],[88.14,24.52],[88.17,24.49],[88.21,24.46],[88.26,24.45],[88.3,24.41],[88.33,24.38],[88.39,24.37],[88.45,24.38],[88.49,24.35],[88.54,24.33],[88.6,24.31],[88.66,24.31],[88.72,24.3],[88.74,24.25],[88.72,24.2],[88.7,24.15],[88.72,24.1],[88.73,24.05],[88.73,23.99],[88.74,23.93],[88.7,23.9],[88.66,23.88],[88.6,23.86],[88.59,23.8],[88.58,23.75],[88.57,23.7],[88.56,23.64],[88.59,23.61],[88.65,23.61],[88.66,23.55],[88.7,23.52],[88.74,23.49],[88.79,23.5],[88.78,23.44],[88.75,23.4],[88.74,23.35],[88.72,23.3],[88.73,23.25],[88.78,23.23],[88.83,23.25],[88.87,23.23],[88.92,23.21],[88.98,23.22],[88.96,23.18],[88.93,23.14],[88.9,23.11],[88.87,23.08],[88.87,23.01],[88.86,22.96],[88.9,22.94],[88.91,22.88],[88.95,22.86],[88.96,22.8],[88.92,22.77],[88.93,22.72],[88.95,22.67],[88.89,22.68],[88.85,22.7],[88.81,22.73],[88.85,22.7],[88.87,22.66],[88.93,22.65],[88.96,22.61],[88.93,22.57],[88.89,22.55],[88.86,22.52],[88.85,22.47],[88.8,22.49],[88.77,22.52],[88.71,22.53],[88.67,22.56],[88.7,22.52],[88.76,22.51],[88.79,22.48],[88.81,22.43],[88.86,22.41],[88.87,22.36],[88.81,22.36],[88.8,22.3],[88.78,22.25],[88.74,22.23],[88.71,22.2],[88.66,22.22],[88.67,22.27],[88.68,22.32],[88.67,22.27],[88.64,22.24],[88.67,22.2],[88.64,22.16],[88.62,22.11],[88.6,22.15],[88.57,22.19],[88.6,22.16],[88.61,22.11],[88.63,22.06],[88.6,22.02],[88.6,21.95],[88.59,21.89],[88.56,21.92],[88.54,21.97],[88.56,21.92],[88.54,21.87],[88.49,21.88],[88.52,21.91],[88.5,21.96],[88.54,21.98],[88.56,22.03],[88.54,21.98],[88.49,21.97],[88.52,21.93],[88.48,21.9],[88.45,21.93],[88.44,21.99],[88.47,21.95],[88.44,21.91],[88.41,21.88],[88.4,21.94],[88.38,21.9],[88.39,21.85],[88.39,21.79],[88.36,21.82],[88.37,21.87],[88.36,21.92],[88.36,21.86],[88.3,21.86],[88.27,21.89],[88.3,21.86],[88.27,21.82],[88.28,21.77],[88.25,21.8],[88.28,21.76],[88.22,21.76],[88.21,21.81],[88.18,21.85],[88.16,21.89],[88.18,21.93],[88.15,21.96],[88.19,21.99],[88.21,22.04],[88.22,22.09],[88.21,22.14],[88.19,22.19],[88.13,22.2],[88.07,22.21],[88.09,22.25],[88.11,22.3],[88.08,22.27],[88.05,22.22],[88.0,22.24],[87.97,22.27],[87.96,22.32],[87.95,22.38],[87.93,22.43],[87.88,22.44],[87.92,22.42],[87.94,22.37],[87.93,22.31],[87.95,22.26],[87.98,22.22],[88.03,22.2],[88.09,22.19],[88.14,22.17],[88.17,22.14],[88.18,22.09],[88.15,22.06],[88.11,22.04],[88.07,22.02],[88.03,22.05],[88.0,22.09],[88.02,22.04],[88.05,22.0],[88.02,21.96],[88.0,21.91],[87.98,21.86],[87.95,21.83],[87.91,21.8],[87.88,21.77],[87.84,21.74],[87.81,21.7],[87.75,21.7],[87.71,21.67],[87.66,21.65],[87.6,21.64],[87.54,21.63],[87.5,21.61],[87.47,21.64],[87.47,21.71],[87.44,21.76],[87.38,21.77],[87.33,21.79],[87.27,21.8],[87.25,21.85],[87.23,21.9],[87.23,21.96],[87.17,21.97],[87.14,21.92],[87.09,21.9],[87.06,21.86],[87.02,21.89],[87.0,21.94],[87.03,21.98],[87.02,22.03],[86.97,22.07],[86.92,22.09],[86.85,22.1],[86.8,22.12],[86.76,22.15],[86.72,22.17],[86.75,22.21],[86.79,22.23],[86.83,22.26],[86.89,22.25],[86.88,22.3],[86.83,22.32],[86.84,22.37],[86.82,22.41],[86.76,22.42],[86.75,22.47],[86.8,22.49],[86.78,22.54],[86.73,22.57],[86.67,22.57],[86.63,22.6],[86.64,22.65],[86.61,22.68],[86.56,22.71],[86.5,22.71],[86.47,22.75],[86.42,22.77],[86.43,22.83],[86.45,22.88],[86.44,22.93],[86.5,22.94],[86.54,22.96],[86.5,22.98],[86.44,22.99],[86.39,22.97],[86.36,23.0],[86.3,23.0],[86.24,22.99],[86.2,23.02],[86.16,23.04],[86.13,23.07],[86.08,23.1],[86.04,23.14],[85.99,23.15],[85.94,23.13],[85.89,23.15],[85.86,23.19],[85.83,23.24],[85.84,23.29],[85.87,23.32],[85.89,23.37],[85.86,23.41],[85.87,23.47],[85.94,23.46],[85.99,23.48],[86.04,23.49],[86.02,23.54],[86.04,23.58],[86.1,23.57],[86.15,23.56],[86.16,23.5],[86.19,23.47],[86.23,23.45],[86.28,23.43],[86.33,23.46],[86.37,23.48],[86.36,23.53],[86.38,23.58],[86.42,23.6],[86.47,23.63],[86.53,23.63],[86.58,23.66],[86.63,23.68],[86.68,23.69],[86.74,23.68],[86.79,23.69],[86.81,23.74],[86.8,23.8],[86.84,23.82],[86.88,23.86],[86.93,23.85],[87.0,23.85],[87.06,23.82],[87.11,23.8],[87.17,23.82],[87.14,23.85],[87.2,23.85],[87.23,23.82],[87.25,23.87],[87.29,23.89],[87.29,23.96],[87.26,24.0],[87.23,24.03],[87.29,24.03],[87.33,24.0],[87.39,24.0],[87.43,23.98],[87.47,24.01],[87.51,24.03],[87.49,24.07],[87.5,24.12],[87.53,24.09],[87.58,24.11],[87.57,24.16],[87.63,24.16],[87.68,24.15],[87.67,24.2],[87.64,24.23],[87.68,24.25],[87.71,24.29],[87.76,24.3],[87.78,24.35],[87.79,24.4],[87.81,24.45],[87.81,24.51],[87.8,24.56],[87.86,24.55],[87.9,24.58],[87.87,24.61],[87.91,24.64],[87.89,24.69],[87.88,24.74],[87.82,24.75],[87.84,24.79],[87.87,24.82],[87.9,24.85],[87.95,24.88],[87.97,24.93],[87.94,24.96],[87.9,25.0],[87.86,25.04],[87.82,25.06],[87.78,25.09],[87.77,25.14],[87.78,25.19],[87.84,25.2],[87.82,25.24],[87.85,25.27],[87.82,25.31],[87.78,25.34],[87.76,25.39],[87.78,25.44],[87.83,25.46],[87.87,25.5],[87.91,25.53],[87.97,25.53],[88.0,25.5],[88.05,25.48],[88.06,25.53],[88.03,25.57],[88.04,25.62],[88.05,25.68],[88.01,25.71],[87.96,25.72],[87.94,25.77],[87.9,25.8],[87.88,25.86],[87.82,25.87],[87.8,25.92],[87.83,25.96],[87.84,26.02],[87.88,26.06],[87.91,26.09],[87.97,26.08],[87.96,26.13],[88.01,26.14],[88.04,26.18],[88.09,26.2],[88.12,26.23],[88.16,26.26],[88.2,26.28],[88.24,26.31],[88.27,26.34],[88.24,26.37],[88.26,26.42],[88.22,26.46],[88.18,26.49],[88.22,26.52],[88.17,26.54],[88.13,26.51],[88.11,26.56],[88.14,26.61],[88.17,26.65],[88.18,26.71],[88.19,26.77],[88.18,26.83],[88.16,26.88],[88.14,26.93],[88.13,26.98],[88.09,27.01],[88.05,27.03],[88.02,27.07],[87.99,27.11],[88.01,27.15],[88.02,27.21],[88.08,27.2],[88.09,27.14],[88.13,27.12]]]]}}]}